
atmega_light.elf:     file format elf32-avr

Sections:
Idx Name          Size      VMA       LMA       File off  Algn
  0 .data         00000322  00800100  00002c56  00002cea  2**0
                  CONTENTS, ALLOC, LOAD, DATA
  1 .text         00002c56  00000000  00000000  00000094  2**1
                  CONTENTS, ALLOC, LOAD, READONLY, CODE
  2 .bss          00000334  00800422  00800422  0000300c  2**0
                  ALLOC
  3 .comment      00000030  00000000  00000000  0000300c  2**0
                  CONTENTS, READONLY
  4 .note.gnu.avr.deviceinfo 00000040  00000000  00000000  0000303c  2**2
                  CONTENTS, READONLY
  5 .debug_aranges 000001b8  00000000  00000000  0000307c  2**0
                  CONTENTS, READONLY, DEBUGGING
  6 .debug_info   00004950  00000000  00000000  00003234  2**0
                  CONTENTS, READONLY, DEBUGGING
  7 .debug_abbrev 0000095d  00000000  00000000  00007b84  2**0
                  CONTENTS, READONLY, DEBUGGING
  8 .debug_line   00002317  00000000  00000000  000084e1  2**0
                  CONTENTS, READONLY, DEBUGGING
  9 .debug_frame  00000868  00000000  00000000  0000a7f8  2**2
                  CONTENTS, READONLY, DEBUGGING
 10 .debug_str    00001039  00000000  00000000  0000b060  2**0
                  CONTENTS, READONLY, DEBUGGING
 11 .debug_loc    00003549  00000000  00000000  0000c099  2**0
                  CONTENTS, READONLY, DEBUGGING
 12 .debug_ranges 000001a8  00000000  00000000  0000f5e2  2**0
                  CONTENTS, READONLY, DEBUGGING

Disassembly of section .text:

00000000 <__vectors>:
       0:	0c 94 d7 00 	jmp	0x1ae	; 0x1ae <__ctors_end>
       4:	0c 94 f4 00 	jmp	0x1e8	; 0x1e8 <__bad_interrupt>
       8:	0c 94 f4 00 	jmp	0x1e8	; 0x1e8 <__bad_interrupt>
       c:	0c 94 f4 00 	jmp	0x1e8	; 0x1e8 <__bad_interrupt>
      10:	0c 94 f4 00 	jmp	0x1e8	; 0x1e8 <__bad_interrupt>
      14:	0c 94 f4 00 	jmp	0x1e8	; 0x1e8 <__bad_interrupt>
      18:	0c 94 f4 00 	jmp	0x1e8	; 0x1e8 <__bad_interrupt>
      1c:	0c 94 f4 00 	jmp	0x1e8	; 0x1e8 <__bad_interrupt>
      20:	0c 94 f4 00 	jmp	0x1e8	; 0x1e8 <__bad_interrupt>
      24:	0c 94 f4 00 	jmp	0x1e8	; 0x1e8 <__bad_interrupt>
      28:	0c 94 f4 00 	jmp	0x1e8	; 0x1e8 <__bad_interrupt>
      2c:	0c 94 f4 00 	jmp	0x1e8	; 0x1e8 <__bad_interrupt>
      30:	0c 94 f4 00 	jmp	0x1e8	; 0x1e8 <__bad_interrupt>
      34:	0c 94 f4 00 	jmp	0x1e8	; 0x1e8 <__bad_interrupt>
      38:	0c 94 f4 00 	jmp	0x1e8	; 0x1e8 <__bad_interrupt>
      3c:	0c 94 f4 00 	jmp	0x1e8	; 0x1e8 <__bad_interrupt>
      40:	0c 94 f4 00 	jmp	0x1e8	; 0x1e8 <__bad_interrupt>
      44:	0c 94 f4 00 	jmp	0x1e8	; 0x1e8 <__bad_interrupt>
      48:	0c 94 63 15 	jmp	0x2ac6	; 0x2ac6 <__vector_18>
      4c:	0c 94 f4 00 	jmp	0x1e8	; 0x1e8 <__bad_interrupt>
      50:	0c 94 f4 00 	jmp	0x1e8	; 0x1e8 <__bad_interrupt>
      54:	0c 94 f4 00 	jmp	0x1e8	; 0x1e8 <__bad_interrupt>
      58:	0c 94 f4 00 	jmp	0x1e8	; 0x1e8 <__bad_interrupt>
      5c:	0c 94 f4 00 	jmp	0x1e8	; 0x1e8 <__bad_interrupt>
      60:	0c 94 f4 00 	jmp	0x1e8	; 0x1e8 <__bad_interrupt>
      64:	0c 94 f4 00 	jmp	0x1e8	; 0x1e8 <__bad_interrupt>
      68:	a8 0e       	add	r10, r24
      6a:	c5 0e       	add	r12, r21
      6c:	ba 0e       	add	r11, r26
      6e:	f5 0e       	add	r15, r21
      70:	fc 0e       	add	r15, r28
      72:	ee 13       	cpse	r30, r30
      74:	ee 13       	cpse	r30, r30
      76:	b9 12       	cpse	r11, r25
      78:	fa 12       	cpse	r15, r26
      7a:	42 12       	cpse	r4, r18
      7c:	8c 12       	cpse	r8, r28
      7e:	21 11       	cpse	r18, r1
      80:	ee 13       	cpse	r30, r30
      82:	a6 11       	cpse	r26, r6
      84:	b7 11       	cpse	r27, r7

00000086 <__trampolines_end>:
      86:	00 00       	nop
      88:	00 00       	nop
      8a:	00 00       	nop
      8c:	00 5f       	subi	r16, 0xF0	; 240
      8e:	00 00       	nop
      90:	00 07       	cpc	r16, r16
      92:	00 07       	cpc	r16, r16
      94:	00 14       	cp	r0, r0
      96:	7f 14       	cp	r7, r15
      98:	7f 14       	cp	r7, r15
      9a:	24 2a       	or	r2, r20
      9c:	7f 2a       	or	r7, r31
      9e:	12 23       	and	r17, r18
      a0:	13 08       	sbc	r1, r3
      a2:	64 62       	ori	r22, 0x24	; 36
      a4:	36 49       	sbci	r19, 0x96	; 150
      a6:	55 22       	and	r5, r21
      a8:	50 00       	.word	0x0050	; ????
      aa:	05 03       	mulsu	r16, r21
      ac:	00 00       	nop
      ae:	00 1c       	adc	r0, r0
      b0:	22 41       	sbci	r18, 0x12	; 18
      b2:	00 00       	nop
      b4:	41 22       	and	r4, r17
      b6:	1c 00       	.word	0x001c	; ????
      b8:	14 08       	sbc	r1, r4
      ba:	3e 08       	sbc	r3, r14
      bc:	14 08       	sbc	r1, r4
      be:	08 3e       	cpi	r16, 0xE8	; 232
      c0:	08 08       	sbc	r0, r8
      c2:	00 00       	nop
      c4:	a0 60       	ori	r26, 0x00	; 0
      c6:	00 08       	sbc	r0, r0
      c8:	08 08       	sbc	r0, r8
      ca:	08 08       	sbc	r0, r8
      cc:	00 60       	ori	r16, 0x00	; 0
      ce:	60 00       	.word	0x0060	; ????
      d0:	00 20       	and	r0, r0
      d2:	10 08       	sbc	r1, r0
      d4:	04 02       	muls	r16, r20
      d6:	3e 51       	subi	r19, 0x1E	; 30
      d8:	49 45       	sbci	r20, 0x59	; 89
      da:	3e 00       	.word	0x003e	; ????
      dc:	42 7f       	andi	r20, 0xF2	; 242
      de:	40 00       	.word	0x0040	; ????
      e0:	42 61       	ori	r20, 0x12	; 18
      e2:	51 49       	sbci	r21, 0x91	; 145
      e4:	46 21       	and	r20, r6
      e6:	41 45       	sbci	r20, 0x51	; 81
      e8:	4b 31       	cpi	r20, 0x1B	; 27
      ea:	18 14       	cp	r1, r8
      ec:	12 7f       	andi	r17, 0xF2	; 242
      ee:	10 27       	eor	r17, r16
      f0:	45 45       	sbci	r20, 0x55	; 85
      f2:	45 39       	cpi	r20, 0x95	; 149
      f4:	3c 4a       	sbci	r19, 0xAC	; 172
      f6:	49 49       	sbci	r20, 0x99	; 153
      f8:	30 01       	movw	r6, r0
      fa:	71 09       	sbc	r23, r1
      fc:	05 03       	mulsu	r16, r21
      fe:	36 49       	sbci	r19, 0x96	; 150
     100:	49 49       	sbci	r20, 0x99	; 153
     102:	36 06       	cpc	r3, r22
     104:	49 49       	sbci	r20, 0x99	; 153
     106:	29 1e       	adc	r2, r25
     108:	00 36       	cpi	r16, 0x60	; 96
     10a:	36 00       	.word	0x0036	; ????
     10c:	00 00       	nop
     10e:	56 36       	cpi	r21, 0x66	; 102
     110:	00 00       	nop
     112:	08 14       	cp	r0, r8
     114:	22 41       	sbci	r18, 0x12	; 18
     116:	00 14       	cp	r0, r0
     118:	14 14       	cp	r1, r4
     11a:	14 14       	cp	r1, r4
     11c:	00 41       	sbci	r16, 0x10	; 16
     11e:	22 14       	cp	r2, r2
     120:	08 02       	muls	r16, r24
     122:	01 51       	subi	r16, 0x11	; 17
     124:	09 06       	cpc	r0, r25
     126:	32 49       	sbci	r19, 0x92	; 146
     128:	59 51       	subi	r21, 0x19	; 25
     12a:	3e 7c       	andi	r19, 0xCE	; 206
     12c:	12 11       	cpse	r17, r2
     12e:	12 7c       	andi	r17, 0xC2	; 194
     130:	7f 49       	sbci	r23, 0x9F	; 159
     132:	49 49       	sbci	r20, 0x99	; 153
     134:	36 3e       	cpi	r19, 0xE6	; 230
     136:	41 41       	sbci	r20, 0x11	; 17
     138:	41 22       	and	r4, r17
     13a:	7f 41       	sbci	r23, 0x1F	; 31
     13c:	41 22       	and	r4, r17
     13e:	1c 7f       	andi	r17, 0xFC	; 252
     140:	49 49       	sbci	r20, 0x99	; 153
     142:	49 41       	sbci	r20, 0x19	; 25
     144:	7f 09       	sbc	r23, r15
     146:	09 09       	sbc	r16, r9
     148:	01 3e       	cpi	r16, 0xE1	; 225
     14a:	41 49       	sbci	r20, 0x91	; 145
     14c:	49 7a       	andi	r20, 0xA9	; 169
     14e:	7f 08       	sbc	r7, r15
     150:	08 08       	sbc	r0, r8
     152:	7f 00       	.word	0x007f	; ????
     154:	41 7f       	andi	r20, 0xF1	; 241
     156:	41 00       	.word	0x0041	; ????
     158:	20 40       	sbci	r18, 0x00	; 0
     15a:	41 3f       	cpi	r20, 0xF1	; 241
     15c:	01 7f       	andi	r16, 0xF1	; 241
     15e:	08 14       	cp	r0, r8
     160:	22 41       	sbci	r18, 0x12	; 18
     162:	7f 40       	sbci	r23, 0x0F	; 15
     164:	40 40       	sbci	r20, 0x00	; 0
     166:	40 7f       	andi	r20, 0xF0	; 240
     168:	02 0c       	add	r0, r2
     16a:	02 7f       	andi	r16, 0xF2	; 242
     16c:	7f 04       	cpc	r7, r15
     16e:	08 10       	cpse	r0, r8
     170:	7f 3e       	cpi	r23, 0xEF	; 239
     172:	41 41       	sbci	r20, 0x11	; 17
     174:	41 3e       	cpi	r20, 0xE1	; 225
     176:	7f 09       	sbc	r23, r15
     178:	09 09       	sbc	r16, r9
     17a:	06 3e       	cpi	r16, 0xE6	; 230
     17c:	41 51       	subi	r20, 0x11	; 17
     17e:	21 5e       	subi	r18, 0xE1	; 225
     180:	7f 09       	sbc	r23, r15
     182:	19 29       	or	r17, r9
     184:	46 46       	sbci	r20, 0x66	; 102
     186:	49 49       	sbci	r20, 0x99	; 153
     188:	49 31       	cpi	r20, 0x19	; 25
     18a:	01 01       	movw	r0, r2
     18c:	7f 01       	movw	r14, r30
     18e:	01 3f       	cpi	r16, 0xF1	; 241
     190:	40 40       	sbci	r20, 0x00	; 0
     192:	40 3f       	cpi	r20, 0xF0	; 240
     194:	1f 20       	and	r1, r15
     196:	40 20       	and	r4, r0
     198:	1f 3f       	cpi	r17, 0xFF	; 255
     19a:	40 38       	cpi	r20, 0x80	; 128
     19c:	40 3f       	cpi	r20, 0xF0	; 240
     19e:	63 14       	cp	r6, r3
     1a0:	08 14       	cp	r0, r8
     1a2:	63 07       	cpc	r22, r19
     1a4:	08 70       	andi	r16, 0x08	; 8
     1a6:	08 07       	cpc	r16, r24
     1a8:	61 51       	subi	r22, 0x11	; 17
     1aa:	49 45       	sbci	r20, 0x59	; 89
     1ac:	43 00       	.word	0x0043	; ????

000001ae <__ctors_end>:
     1ae:	11 24       	eor	r1, r1
     1b0:	1f be       	out	0x3f, r1	; 63
     1b2:	cf ef       	ldi	r28, 0xFF	; 255
     1b4:	d8 e0       	ldi	r29, 0x08	; 8
     1b6:	de bf       	out	0x3e, r29	; 62
     1b8:	cd bf       	out	0x3d, r28	; 61

000001ba <__do_copy_data>:
     1ba:	14 e0       	ldi	r17, 0x04	; 4
     1bc:	a0 e0       	ldi	r26, 0x00	; 0
     1be:	b1 e0       	ldi	r27, 0x01	; 1
     1c0:	e6 e5       	ldi	r30, 0x56	; 86
     1c2:	fc e2       	ldi	r31, 0x2C	; 44
     1c4:	02 c0       	rjmp	.+4      	; 0x1ca <__do_copy_data+0x10>
     1c6:	05 90       	lpm	r0, Z+
     1c8:	0d 92       	st	X+, r0
     1ca:	a2 32       	cpi	r26, 0x22	; 34
     1cc:	b1 07       	cpc	r27, r17
     1ce:	d9 f7       	brne	.-10     	; 0x1c6 <__do_copy_data+0xc>

000001d0 <__do_clear_bss>:
     1d0:	27 e0       	ldi	r18, 0x07	; 7
     1d2:	a2 e2       	ldi	r26, 0x22	; 34
     1d4:	b4 e0       	ldi	r27, 0x04	; 4
     1d6:	01 c0       	rjmp	.+2      	; 0x1da <.do_clear_bss_start>

000001d8 <.do_clear_bss_loop>:
     1d8:	1d 92       	st	X+, r1

000001da <.do_clear_bss_start>:
     1da:	a6 35       	cpi	r26, 0x56	; 86
     1dc:	b2 07       	cpc	r27, r18
     1de:	e1 f7       	brne	.-8      	; 0x1d8 <.do_clear_bss_loop>
     1e0:	0e 94 07 14 	call	0x280e	; 0x280e <main>
     1e4:	0c 94 29 16 	jmp	0x2c52	; 0x2c52 <_exit>

000001e8 <__bad_interrupt>:
     1e8:	0c 94 00 00 	jmp	0	; 0x0 <__vectors>

000001ec <_ZL7fmt_pctPch>:
        while (i > 0) {
            uart_send_byte(buf[--i]);
        }
    }
    uart_send_byte('\n');
}
     1ec:	fc 01       	movw	r30, r24
     1ee:	64 36       	cpi	r22, 0x64	; 100
     1f0:	38 f0       	brcs	.+14     	; 0x200 <_ZL7fmt_pctPch+0x14>
     1f2:	81 e3       	ldi	r24, 0x31	; 49
     1f4:	80 83       	st	Z, r24
     1f6:	80 e3       	ldi	r24, 0x30	; 48
     1f8:	81 83       	std	Z+1, r24	; 0x01
     1fa:	82 83       	std	Z+2, r24	; 0x02
     1fc:	13 82       	std	Z+3, r1	; 0x03
     1fe:	08 95       	ret
     200:	6a 30       	cpi	r22, 0x0A	; 10
     202:	a0 f0       	brcs	.+40     	; 0x22c <_ZL7fmt_pctPch+0x40>
     204:	8d ec       	ldi	r24, 0xCD	; 205
     206:	68 9f       	mul	r22, r24
     208:	81 2d       	mov	r24, r1
     20a:	11 24       	eor	r1, r1
     20c:	86 95       	lsr	r24
     20e:	86 95       	lsr	r24
     210:	86 95       	lsr	r24
     212:	90 e3       	ldi	r25, 0x30	; 48
     214:	98 0f       	add	r25, r24
     216:	90 83       	st	Z, r25
     218:	88 0f       	add	r24, r24
     21a:	98 2f       	mov	r25, r24
     21c:	99 0f       	add	r25, r25
     21e:	99 0f       	add	r25, r25
     220:	89 0f       	add	r24, r25
     222:	68 1b       	sub	r22, r24
     224:	60 5d       	subi	r22, 0xD0	; 208
     226:	61 83       	std	Z+1, r22	; 0x01
     228:	12 82       	std	Z+2, r1	; 0x02
     22a:	08 95       	ret
     22c:	60 5d       	subi	r22, 0xD0	; 208
     22e:	60 83       	st	Z, r22
     230:	11 82       	std	Z+1, r1	; 0x01
     232:	08 95       	ret

00000234 <_ZL6fmt_u8Pch>:
     234:	fc 01       	movw	r30, r24
     236:	64 36       	cpi	r22, 0x64	; 100
     238:	48 f1       	brcs	.+82     	; 0x28c <_ZL6fmt_u8Pch+0x58>
     23a:	89 e2       	ldi	r24, 0x29	; 41
     23c:	68 9f       	mul	r22, r24
     23e:	81 2d       	mov	r24, r1
     240:	11 24       	eor	r1, r1
     242:	82 95       	swap	r24
     244:	8f 70       	andi	r24, 0x0F	; 15
     246:	80 5d       	subi	r24, 0xD0	; 208
     248:	80 83       	st	Z, r24
     24a:	8d ec       	ldi	r24, 0xCD	; 205
     24c:	68 9f       	mul	r22, r24
     24e:	91 2d       	mov	r25, r1
     250:	11 24       	eor	r1, r1
     252:	96 95       	lsr	r25
     254:	96 95       	lsr	r25
     256:	96 95       	lsr	r25
     258:	98 9f       	mul	r25, r24
     25a:	81 2d       	mov	r24, r1
     25c:	11 24       	eor	r1, r1
     25e:	86 95       	lsr	r24
     260:	86 95       	lsr	r24
     262:	86 95       	lsr	r24
     264:	88 0f       	add	r24, r24
     266:	28 2f       	mov	r18, r24
     268:	22 0f       	add	r18, r18
     26a:	22 0f       	add	r18, r18
     26c:	82 0f       	add	r24, r18
     26e:	29 2f       	mov	r18, r25
     270:	28 1b       	sub	r18, r24
     272:	82 2f       	mov	r24, r18
     274:	80 5d       	subi	r24, 0xD0	; 208
     276:	81 83       	std	Z+1, r24	; 0x01
     278:	99 0f       	add	r25, r25
     27a:	89 2f       	mov	r24, r25
     27c:	88 0f       	add	r24, r24
     27e:	88 0f       	add	r24, r24
     280:	98 0f       	add	r25, r24
     282:	69 1b       	sub	r22, r25
     284:	60 5d       	subi	r22, 0xD0	; 208
     286:	62 83       	std	Z+2, r22	; 0x02
     288:	13 82       	std	Z+3, r1	; 0x03
     28a:	08 95       	ret
     28c:	6a 30       	cpi	r22, 0x0A	; 10
     28e:	a0 f0       	brcs	.+40     	; 0x2b8 <_ZL6fmt_u8Pch+0x84>
     290:	8d ec       	ldi	r24, 0xCD	; 205
     292:	68 9f       	mul	r22, r24
     294:	81 2d       	mov	r24, r1
     296:	11 24       	eor	r1, r1
     298:	86 95       	lsr	r24
     29a:	86 95       	lsr	r24
     29c:	86 95       	lsr	r24
     29e:	90 e3       	ldi	r25, 0x30	; 48
     2a0:	98 0f       	add	r25, r24
     2a2:	90 83       	st	Z, r25
     2a4:	88 0f       	add	r24, r24
     2a6:	98 2f       	mov	r25, r24
     2a8:	99 0f       	add	r25, r25
     2aa:	99 0f       	add	r25, r25
     2ac:	89 0f       	add	r24, r25
     2ae:	68 1b       	sub	r22, r24
     2b0:	60 5d       	subi	r22, 0xD0	; 208
     2b2:	61 83       	std	Z+1, r22	; 0x01
     2b4:	12 82       	std	Z+2, r1	; 0x02
     2b6:	08 95       	ret
     2b8:	60 5d       	subi	r22, 0xD0	; 208
     2ba:	60 83       	st	Z, r22
     2bc:	11 82       	std	Z+1, r1	; 0x01
     2be:	08 95       	ret

000002c0 <_ZL12to_upper_strPKcPch>:
     2c0:	dc 01       	movw	r26, r24
     2c2:	50 e0       	ldi	r21, 0x00	; 0
     2c4:	e5 2f       	mov	r30, r21
     2c6:	f0 e0       	ldi	r31, 0x00	; 0
     2c8:	24 2f       	mov	r18, r20
     2ca:	30 e0       	ldi	r19, 0x00	; 0
     2cc:	21 50       	subi	r18, 0x01	; 1
     2ce:	31 09       	sbc	r19, r1
     2d0:	e2 17       	cp	r30, r18
     2d2:	f3 07       	cpc	r31, r19
     2d4:	8c f4       	brge	.+34     	; 0x2f8 <_ZL12to_upper_strPKcPch+0x38>
     2d6:	10 97       	sbiw	r26, 0x00	; 0
     2d8:	79 f0       	breq	.+30     	; 0x2f8 <_ZL12to_upper_strPKcPch+0x38>
     2da:	9c 91       	ld	r25, X
     2dc:	99 23       	and	r25, r25
     2de:	61 f0       	breq	.+24     	; 0x2f8 <_ZL12to_upper_strPKcPch+0x38>
     2e0:	11 96       	adiw	r26, 0x01	; 1
     2e2:	8f e9       	ldi	r24, 0x9F	; 159
     2e4:	89 0f       	add	r24, r25
     2e6:	8a 31       	cpi	r24, 0x1A	; 26
     2e8:	08 f4       	brcc	.+2      	; 0x2ec <_ZL12to_upper_strPKcPch+0x2c>
     2ea:	90 52       	subi	r25, 0x20	; 32
     2ec:	fb 01       	movw	r30, r22
     2ee:	e5 0f       	add	r30, r21
     2f0:	f1 1d       	adc	r31, r1
     2f2:	90 83       	st	Z, r25
     2f4:	5f 5f       	subi	r21, 0xFF	; 255
     2f6:	e6 cf       	rjmp	.-52     	; 0x2c4 <_ZL12to_upper_strPKcPch+0x4>
     2f8:	fb 01       	movw	r30, r22
     2fa:	e5 0f       	add	r30, r21
     2fc:	f1 1d       	adc	r31, r1
     2fe:	10 82       	st	Z, r1
     300:	08 95       	ret

00000302 <_ZL24footer_keys_compact_linePchh>:
     302:	cf 92       	push	r12
     304:	df 92       	push	r13
     306:	ef 92       	push	r14
     308:	ff 92       	push	r15
     30a:	0f 93       	push	r16
     30c:	1f 93       	push	r17
     30e:	cf 93       	push	r28
     310:	df 93       	push	r29
     312:	cd b7       	in	r28, 0x3d	; 61
     314:	de b7       	in	r29, 0x3e	; 62
     316:	2e 97       	sbiw	r28, 0x0e	; 14
     318:	0f b6       	in	r0, 0x3f	; 63
     31a:	f8 94       	cli
     31c:	de bf       	out	0x3e, r29	; 62
     31e:	0f be       	out	0x3f, r0	; 63
     320:	cd bf       	out	0x3d, r28	; 61
     322:	7c 01       	movw	r14, r24
     324:	06 2f       	mov	r16, r22
     326:	84 e6       	ldi	r24, 0x64	; 100
     328:	48 9f       	mul	r20, r24
     32a:	90 01       	movw	r18, r0
     32c:	11 24       	eor	r1, r1
     32e:	a1 ef       	ldi	r26, 0xF1	; 241
     330:	b0 ef       	ldi	r27, 0xF0	; 240
     332:	0e 94 f9 15 	call	0x2bf2	; 0x2bf2 <__umulhisi3>
     336:	6c 01       	movw	r12, r24
     338:	d6 94       	lsr	r13
     33a:	c7 94       	ror	r12
     33c:	d6 94       	lsr	r13
     33e:	c7 94       	ror	r12
     340:	d6 94       	lsr	r13
     342:	c7 94       	ror	r12
     344:	d6 94       	lsr	r13
     346:	c7 94       	ror	r12
     348:	19 82       	std	Y+1, r1	; 0x01
     34a:	64 2f       	mov	r22, r20
     34c:	ce 01       	movw	r24, r28
     34e:	01 96       	adiw	r24, 0x01	; 1
     350:	0e 94 1a 01 	call	0x234	; 0x234 <_ZL6fmt_u8Pch>
     354:	fe 01       	movw	r30, r28
     356:	31 96       	adiw	r30, 0x01	; 1
     358:	80 e0       	ldi	r24, 0x00	; 0
     35a:	90 81       	ld	r25, Z
     35c:	99 23       	and	r25, r25
     35e:	81 f0       	breq	.+32     	; 0x380 <_ZL24footer_keys_compact_linePchh+0x7e>
     360:	48 2f       	mov	r20, r24
     362:	50 e0       	ldi	r21, 0x00	; 0
     364:	20 2f       	mov	r18, r16
     366:	30 e0       	ldi	r19, 0x00	; 0
     368:	28 50       	subi	r18, 0x08	; 8
     36a:	31 09       	sbc	r19, r1
     36c:	42 17       	cp	r20, r18
     36e:	53 07       	cpc	r21, r19
     370:	3c f4       	brge	.+14     	; 0x380 <_ZL24footer_keys_compact_linePchh+0x7e>
     372:	d7 01       	movw	r26, r14
     374:	a8 0f       	add	r26, r24
     376:	b1 1d       	adc	r27, r1
     378:	31 96       	adiw	r30, 0x01	; 1
     37a:	9c 93       	st	X, r25
     37c:	8f 5f       	subi	r24, 0xFF	; 255
     37e:	ed cf       	rjmp	.-38     	; 0x35a <_ZL24footer_keys_compact_linePchh+0x58>
     380:	11 e0       	ldi	r17, 0x01	; 1
     382:	18 0f       	add	r17, r24
     384:	f7 01       	movw	r30, r14
     386:	e8 0f       	add	r30, r24
     388:	f1 1d       	adc	r31, r1
     38a:	8f e2       	ldi	r24, 0x2F	; 47
     38c:	80 83       	st	Z, r24
     38e:	61 e1       	ldi	r22, 0x11	; 17
     390:	ce 01       	movw	r24, r28
     392:	01 96       	adiw	r24, 0x01	; 1
     394:	0e 94 1a 01 	call	0x234	; 0x234 <_ZL6fmt_u8Pch>
     398:	fe 01       	movw	r30, r28
     39a:	31 96       	adiw	r30, 0x01	; 1
     39c:	40 81       	ld	r20, Z
     39e:	44 23       	and	r20, r20
     3a0:	79 f0       	breq	.+30     	; 0x3c0 <_ZL24footer_keys_compact_linePchh+0xbe>
     3a2:	21 2f       	mov	r18, r17
     3a4:	30 e0       	ldi	r19, 0x00	; 0
     3a6:	80 2f       	mov	r24, r16
     3a8:	90 e0       	ldi	r25, 0x00	; 0
     3aa:	06 97       	sbiw	r24, 0x06	; 6
     3ac:	28 17       	cp	r18, r24
     3ae:	39 07       	cpc	r19, r25
     3b0:	3c f4       	brge	.+14     	; 0x3c0 <_ZL24footer_keys_compact_linePchh+0xbe>
     3b2:	d7 01       	movw	r26, r14
     3b4:	a1 0f       	add	r26, r17
     3b6:	b1 1d       	adc	r27, r1
     3b8:	31 96       	adiw	r30, 0x01	; 1
     3ba:	4c 93       	st	X, r20
     3bc:	1f 5f       	subi	r17, 0xFF	; 255
     3be:	ee cf       	rjmp	.-36     	; 0x39c <_ZL24footer_keys_compact_linePchh+0x9a>
     3c0:	81 e0       	ldi	r24, 0x01	; 1
     3c2:	81 0f       	add	r24, r17
     3c4:	f7 01       	movw	r30, r14
     3c6:	e1 0f       	add	r30, r17
     3c8:	f1 1d       	adc	r31, r1
     3ca:	90 e2       	ldi	r25, 0x20	; 32
     3cc:	90 83       	st	Z, r25
     3ce:	1e 5f       	subi	r17, 0xFE	; 254
     3d0:	f7 01       	movw	r30, r14
     3d2:	e8 0f       	add	r30, r24
     3d4:	f1 1d       	adc	r31, r1
     3d6:	88 e2       	ldi	r24, 0x28	; 40
     3d8:	80 83       	st	Z, r24
     3da:	6c 2d       	mov	r22, r12
     3dc:	ce 01       	movw	r24, r28
     3de:	09 96       	adiw	r24, 0x09	; 9
     3e0:	0e 94 f6 00 	call	0x1ec	; 0x1ec <_ZL7fmt_pctPch>
     3e4:	fe 01       	movw	r30, r28
     3e6:	39 96       	adiw	r30, 0x09	; 9
     3e8:	40 81       	ld	r20, Z
     3ea:	44 23       	and	r20, r20
     3ec:	79 f0       	breq	.+30     	; 0x40c <__EEPROM_REGION_LENGTH__+0xc>
     3ee:	21 2f       	mov	r18, r17
     3f0:	30 e0       	ldi	r19, 0x00	; 0
     3f2:	80 2f       	mov	r24, r16
     3f4:	90 e0       	ldi	r25, 0x00	; 0
     3f6:	02 97       	sbiw	r24, 0x02	; 2
     3f8:	28 17       	cp	r18, r24
     3fa:	39 07       	cpc	r19, r25
     3fc:	3c f4       	brge	.+14     	; 0x40c <__EEPROM_REGION_LENGTH__+0xc>
     3fe:	d7 01       	movw	r26, r14
     400:	a1 0f       	add	r26, r17
     402:	b1 1d       	adc	r27, r1
     404:	31 96       	adiw	r30, 0x01	; 1
     406:	4c 93       	st	X, r20
     408:	1f 5f       	subi	r17, 0xFF	; 255
     40a:	ee cf       	rjmp	.-36     	; 0x3e8 <_ZL24footer_keys_compact_linePchh+0xe6>
     40c:	81 e0       	ldi	r24, 0x01	; 1
     40e:	81 0f       	add	r24, r17
     410:	f7 01       	movw	r30, r14
     412:	e1 0f       	add	r30, r17
     414:	f1 1d       	adc	r31, r1
     416:	95 e2       	ldi	r25, 0x25	; 37
     418:	90 83       	st	Z, r25
     41a:	1e 5f       	subi	r17, 0xFE	; 254
     41c:	f7 01       	movw	r30, r14
     41e:	e8 0f       	add	r30, r24
     420:	f1 1d       	adc	r31, r1
     422:	89 e2       	ldi	r24, 0x29	; 41
     424:	80 83       	st	Z, r24
     426:	f7 01       	movw	r30, r14
     428:	e1 0f       	add	r30, r17
     42a:	f1 1d       	adc	r31, r1
     42c:	10 82       	st	Z, r1
     42e:	2e 96       	adiw	r28, 0x0e	; 14
     430:	0f b6       	in	r0, 0x3f	; 63
     432:	f8 94       	cli
     434:	de bf       	out	0x3e, r29	; 62
     436:	0f be       	out	0x3f, r0	; 63
     438:	cd bf       	out	0x3d, r28	; 61
     43a:	df 91       	pop	r29
     43c:	cf 91       	pop	r28
     43e:	1f 91       	pop	r17
     440:	0f 91       	pop	r16
     442:	ff 90       	pop	r15
     444:	ef 90       	pop	r14
     446:	df 90       	pop	r13
     448:	cf 90       	pop	r12
     44a:	08 95       	ret

0000044c <_Z8adc_initv>:
     44c:	80 e4       	ldi	r24, 0x40	; 64
     44e:	80 93 7c 00 	sts	0x007C, r24	; 0x80007c <__TEXT_REGION_LENGTH__+0x7f807c>
     452:	87 e8       	ldi	r24, 0x87	; 135
     454:	80 93 7a 00 	sts	0x007A, r24	; 0x80007a <__TEXT_REGION_LENGTH__+0x7f807a>
     458:	08 95       	ret

0000045a <_Z8adc_readv>:
     45a:	ea e7       	ldi	r30, 0x7A	; 122
     45c:	f0 e0       	ldi	r31, 0x00	; 0
     45e:	80 81       	ld	r24, Z
     460:	80 64       	ori	r24, 0x40	; 64
     462:	80 83       	st	Z, r24
     464:	80 91 7a 00 	lds	r24, 0x007A	; 0x80007a <__TEXT_REGION_LENGTH__+0x7f807a>
     468:	86 fd       	sbrc	r24, 6
     46a:	fc cf       	rjmp	.-8      	; 0x464 <_Z8adc_readv+0xa>
     46c:	80 91 78 00 	lds	r24, 0x0078	; 0x800078 <__TEXT_REGION_LENGTH__+0x7f8078>
     470:	90 91 79 00 	lds	r25, 0x0079	; 0x800079 <__TEXT_REGION_LENGTH__+0x7f8079>
     474:	08 95       	ret

00000476 <_Z8pwm_initv>:
     476:	81 e2       	ldi	r24, 0x21	; 33
     478:	84 bd       	out	0x24, r24	; 36
     47a:	81 e0       	ldi	r24, 0x01	; 1
     47c:	85 bd       	out	0x25, r24	; 37
     47e:	8a b1       	in	r24, 0x0a	; 10
     480:	80 62       	ori	r24, 0x20	; 32
     482:	8a b9       	out	0x0a, r24	; 10
     484:	18 bc       	out	0x28, r1	; 40
     486:	08 95       	ret

00000488 <_Z18set_led_brightnessh>:
     488:	80 93 4d 05 	sts	0x054D, r24	; 0x80054d <led_brightness>
     48c:	88 bd       	out	0x28, r24	; 40
     48e:	08 95       	ret

00000490 <_ZL34backlight_shutdown_for_panel_sleepv>:
     490:	10 92 3d 05 	sts	0x053D, r1	; 0x80053d <display_backlight_enabled>
     494:	10 92 0c 05 	sts	0x050C, r1	; 0x80050c <display_backlight_brightness>
     498:	10 92 4a 05 	sts	0x054A, r1	; 0x80054a <esp32_backlight_ticks>
     49c:	80 e0       	ldi	r24, 0x00	; 0
     49e:	0e 94 44 02 	call	0x488	; 0x488 <_Z18set_led_brightnessh>
     4a2:	08 95       	ret

000004a4 <_ZL49apply_display_backlight_from_esp32_consider_sleepv>:
     4a4:	80 91 ca 04 	lds	r24, 0x04CA	; 0x8004ca <_ZL16tft_panel_asleep>
     4a8:	88 23       	and	r24, r24
     4aa:	31 f0       	breq	.+12     	; 0x4b8 <_ZL49apply_display_backlight_from_esp32_consider_sleepv+0x14>
     4ac:	10 92 4a 05 	sts	0x054A, r1	; 0x80054a <esp32_backlight_ticks>
     4b0:	80 e0       	ldi	r24, 0x00	; 0
     4b2:	0e 94 44 02 	call	0x488	; 0x488 <_Z18set_led_brightnessh>
     4b6:	08 95       	ret
     4b8:	84 e6       	ldi	r24, 0x64	; 100
     4ba:	80 93 4a 05 	sts	0x054A, r24	; 0x80054a <esp32_backlight_ticks>
     4be:	80 91 3d 05 	lds	r24, 0x053D	; 0x80053d <display_backlight_enabled>
     4c2:	81 11       	cpse	r24, r1
     4c4:	80 91 0c 05 	lds	r24, 0x050C	; 0x80050c <display_backlight_brightness>
     4c8:	0e 94 44 02 	call	0x488	; 0x488 <_Z18set_led_brightnessh>
     4cc:	08 95       	ret

000004ce <_Z8spi_initv>:
     4ce:	84 b1       	in	r24, 0x04	; 4
     4d0:	84 60       	ori	r24, 0x04	; 4
     4d2:	84 b9       	out	0x04, r24	; 4
     4d4:	85 b1       	in	r24, 0x05	; 5
     4d6:	84 60       	ori	r24, 0x04	; 4
     4d8:	85 b9       	out	0x05, r24	; 5
     4da:	84 b1       	in	r24, 0x04	; 4
     4dc:	82 60       	ori	r24, 0x02	; 2
     4de:	84 b9       	out	0x04, r24	; 4
     4e0:	84 b1       	in	r24, 0x04	; 4
     4e2:	81 60       	ori	r24, 0x01	; 1
     4e4:	84 b9       	out	0x04, r24	; 4
     4e6:	85 b1       	in	r24, 0x05	; 5
     4e8:	81 60       	ori	r24, 0x01	; 1
     4ea:	85 b9       	out	0x05, r24	; 5
     4ec:	84 b1       	in	r24, 0x04	; 4
     4ee:	88 62       	ori	r24, 0x28	; 40
     4f0:	84 b9       	out	0x04, r24	; 4
     4f2:	84 b1       	in	r24, 0x04	; 4
     4f4:	8f 7e       	andi	r24, 0xEF	; 239
     4f6:	84 b9       	out	0x04, r24	; 4
     4f8:	80 e5       	ldi	r24, 0x50	; 80
     4fa:	8c bd       	out	0x2c, r24	; 44
     4fc:	81 e0       	ldi	r24, 0x01	; 1
     4fe:	8d bd       	out	0x2d, r24	; 45
     500:	08 95       	ret

00000502 <_Z9spi_writeh>:
     502:	8e bd       	out	0x2e, r24	; 46
     504:	0d b4       	in	r0, 0x2d	; 45
     506:	07 fe       	sbrs	r0, 7
     508:	fd cf       	rjmp	.-6      	; 0x504 <_Z9spi_writeh+0x2>
     50a:	08 95       	ret

0000050c <_Z16st7789_write_cmdh>:
     50c:	cf 93       	push	r28
     50e:	c8 2f       	mov	r28, r24
     510:	80 31       	cpi	r24, 0x10	; 16
     512:	91 f4       	brne	.+36     	; 0x538 <_Z16st7789_write_cmdh+0x2c>
     514:	0e 94 48 02 	call	0x490	; 0x490 <_ZL34backlight_shutdown_for_panel_sleepv>
     518:	85 b1       	in	r24, 0x05	; 5
     51a:	8b 7f       	andi	r24, 0xFB	; 251
     51c:	85 b9       	out	0x05, r24	; 5
     51e:	85 b1       	in	r24, 0x05	; 5
     520:	8d 7f       	andi	r24, 0xFD	; 253
     522:	85 b9       	out	0x05, r24	; 5
     524:	8c 2f       	mov	r24, r28
     526:	0e 94 81 02 	call	0x502	; 0x502 <_Z9spi_writeh>
     52a:	85 b1       	in	r24, 0x05	; 5
     52c:	84 60       	ori	r24, 0x04	; 4
     52e:	85 b9       	out	0x05, r24	; 5
     530:	81 e0       	ldi	r24, 0x01	; 1
     532:	80 93 ca 04 	sts	0x04CA, r24	; 0x8004ca <_ZL16tft_panel_asleep>
     536:	27 c0       	rjmp	.+78     	; 0x586 <_Z16st7789_write_cmdh+0x7a>
     538:	80 91 ca 04 	lds	r24, 0x04CA	; 0x8004ca <_ZL16tft_panel_asleep>
     53c:	88 23       	and	r24, r24
     53e:	b9 f0       	breq	.+46     	; 0x56e <_Z16st7789_write_cmdh+0x62>
     540:	85 b1       	in	r24, 0x05	; 5
     542:	8b 7f       	andi	r24, 0xFB	; 251
     544:	85 b9       	out	0x05, r24	; 5
     546:	85 b1       	in	r24, 0x05	; 5
     548:	8d 7f       	andi	r24, 0xFD	; 253
     54a:	85 b9       	out	0x05, r24	; 5
     54c:	81 e1       	ldi	r24, 0x11	; 17
     54e:	0e 94 81 02 	call	0x502	; 0x502 <_Z9spi_writeh>
     552:	85 b1       	in	r24, 0x05	; 5
     554:	84 60       	ori	r24, 0x04	; 4
     556:	85 b9       	out	0x05, r24	; 5
     558:	2f ef       	ldi	r18, 0xFF	; 255
     55a:	8d ee       	ldi	r24, 0xED	; 237
     55c:	92 e0       	ldi	r25, 0x02	; 2
     55e:	21 50       	subi	r18, 0x01	; 1
     560:	80 40       	sbci	r24, 0x00	; 0
     562:	90 40       	sbci	r25, 0x00	; 0
     564:	e1 f7       	brne	.-8      	; 0x55e <_Z16st7789_write_cmdh+0x52>
     566:	00 c0       	rjmp	.+0      	; 0x568 <_Z16st7789_write_cmdh+0x5c>
     568:	00 00       	nop
     56a:	10 92 ca 04 	sts	0x04CA, r1	; 0x8004ca <_ZL16tft_panel_asleep>
     56e:	85 b1       	in	r24, 0x05	; 5
     570:	8b 7f       	andi	r24, 0xFB	; 251
     572:	85 b9       	out	0x05, r24	; 5
     574:	85 b1       	in	r24, 0x05	; 5
     576:	8d 7f       	andi	r24, 0xFD	; 253
     578:	85 b9       	out	0x05, r24	; 5
     57a:	8c 2f       	mov	r24, r28
     57c:	0e 94 81 02 	call	0x502	; 0x502 <_Z9spi_writeh>
     580:	85 b1       	in	r24, 0x05	; 5
     582:	84 60       	ori	r24, 0x04	; 4
     584:	85 b9       	out	0x05, r24	; 5
     586:	cf 91       	pop	r28
     588:	08 95       	ret

0000058a <_Z17st7789_write_datah>:
     58a:	95 b1       	in	r25, 0x05	; 5
     58c:	9b 7f       	andi	r25, 0xFB	; 251
     58e:	95 b9       	out	0x05, r25	; 5
     590:	95 b1       	in	r25, 0x05	; 5
     592:	92 60       	ori	r25, 0x02	; 2
     594:	95 b9       	out	0x05, r25	; 5
     596:	0e 94 81 02 	call	0x502	; 0x502 <_Z9spi_writeh>
     59a:	85 b1       	in	r24, 0x05	; 5
     59c:	84 60       	ori	r24, 0x04	; 4
     59e:	85 b9       	out	0x05, r24	; 5
     5a0:	08 95       	ret

000005a2 <_Z17st7789_set_windowjjjj>:
     5a2:	cf 92       	push	r12
     5a4:	df 92       	push	r13
     5a6:	ef 92       	push	r14
     5a8:	ff 92       	push	r15
     5aa:	0f 93       	push	r16
     5ac:	1f 93       	push	r17
     5ae:	cf 93       	push	r28
     5b0:	df 93       	push	r29
     5b2:	d8 2e       	mov	r13, r24
     5b4:	c9 2e       	mov	r12, r25
     5b6:	f4 2e       	mov	r15, r20
     5b8:	e5 2e       	mov	r14, r21
     5ba:	8b 01       	movw	r16, r22
     5bc:	0d 5d       	subi	r16, 0xDD	; 221
     5be:	1f 4f       	sbci	r17, 0xFF	; 255
     5c0:	e9 01       	movw	r28, r18
     5c2:	a3 96       	adiw	r28, 0x23	; 35
     5c4:	8a e2       	ldi	r24, 0x2A	; 42
     5c6:	0e 94 86 02 	call	0x50c	; 0x50c <_Z16st7789_write_cmdh>
     5ca:	85 b1       	in	r24, 0x05	; 5
     5cc:	8b 7f       	andi	r24, 0xFB	; 251
     5ce:	85 b9       	out	0x05, r24	; 5
     5d0:	85 b1       	in	r24, 0x05	; 5
     5d2:	82 60       	ori	r24, 0x02	; 2
     5d4:	85 b9       	out	0x05, r24	; 5
     5d6:	8c 2d       	mov	r24, r12
     5d8:	0e 94 81 02 	call	0x502	; 0x502 <_Z9spi_writeh>
     5dc:	8d 2d       	mov	r24, r13
     5de:	0e 94 81 02 	call	0x502	; 0x502 <_Z9spi_writeh>
     5e2:	8e 2d       	mov	r24, r14
     5e4:	0e 94 81 02 	call	0x502	; 0x502 <_Z9spi_writeh>
     5e8:	8f 2d       	mov	r24, r15
     5ea:	0e 94 81 02 	call	0x502	; 0x502 <_Z9spi_writeh>
     5ee:	85 b1       	in	r24, 0x05	; 5
     5f0:	84 60       	ori	r24, 0x04	; 4
     5f2:	85 b9       	out	0x05, r24	; 5
     5f4:	8b e2       	ldi	r24, 0x2B	; 43
     5f6:	0e 94 86 02 	call	0x50c	; 0x50c <_Z16st7789_write_cmdh>
     5fa:	85 b1       	in	r24, 0x05	; 5
     5fc:	8b 7f       	andi	r24, 0xFB	; 251
     5fe:	85 b9       	out	0x05, r24	; 5
     600:	85 b1       	in	r24, 0x05	; 5
     602:	82 60       	ori	r24, 0x02	; 2
     604:	85 b9       	out	0x05, r24	; 5
     606:	81 2f       	mov	r24, r17
     608:	0e 94 81 02 	call	0x502	; 0x502 <_Z9spi_writeh>
     60c:	80 2f       	mov	r24, r16
     60e:	0e 94 81 02 	call	0x502	; 0x502 <_Z9spi_writeh>
     612:	8d 2f       	mov	r24, r29
     614:	0e 94 81 02 	call	0x502	; 0x502 <_Z9spi_writeh>
     618:	8c 2f       	mov	r24, r28
     61a:	0e 94 81 02 	call	0x502	; 0x502 <_Z9spi_writeh>
     61e:	85 b1       	in	r24, 0x05	; 5
     620:	84 60       	ori	r24, 0x04	; 4
     622:	85 b9       	out	0x05, r24	; 5
     624:	8c e2       	ldi	r24, 0x2C	; 44
     626:	0e 94 86 02 	call	0x50c	; 0x50c <_Z16st7789_write_cmdh>
     62a:	df 91       	pop	r29
     62c:	cf 91       	pop	r28
     62e:	1f 91       	pop	r17
     630:	0f 91       	pop	r16
     632:	ff 90       	pop	r15
     634:	ef 90       	pop	r14
     636:	df 90       	pop	r13
     638:	cf 90       	pop	r12
     63a:	08 95       	ret

0000063c <_Z18st7789_fill_screenj>:
     63c:	ef 92       	push	r14
     63e:	ff 92       	push	r15
     640:	0f 93       	push	r16
     642:	1f 93       	push	r17
     644:	cf 93       	push	r28
     646:	df 93       	push	r29
     648:	18 2f       	mov	r17, r24
     64a:	09 2f       	mov	r16, r25
     64c:	29 ea       	ldi	r18, 0xA9	; 169
     64e:	30 e0       	ldi	r19, 0x00	; 0
     650:	4f e3       	ldi	r20, 0x3F	; 63
     652:	51 e0       	ldi	r21, 0x01	; 1
     654:	60 e0       	ldi	r22, 0x00	; 0
     656:	70 e0       	ldi	r23, 0x00	; 0
     658:	80 e0       	ldi	r24, 0x00	; 0
     65a:	90 e0       	ldi	r25, 0x00	; 0
     65c:	0e 94 d1 02 	call	0x5a2	; 0x5a2 <_Z17st7789_set_windowjjjj>
     660:	85 b1       	in	r24, 0x05	; 5
     662:	8b 7f       	andi	r24, 0xFB	; 251
     664:	85 b9       	out	0x05, r24	; 5
     666:	85 b1       	in	r24, 0x05	; 5
     668:	82 60       	ori	r24, 0x02	; 2
     66a:	85 b9       	out	0x05, r24	; 5
     66c:	e1 2c       	mov	r14, r1
     66e:	f1 2c       	mov	r15, r1
     670:	8a ea       	ldi	r24, 0xAA	; 170
     672:	e8 16       	cp	r14, r24
     674:	f1 04       	cpc	r15, r1
     676:	90 f4       	brcc	.+36     	; 0x69c <_Z18st7789_fill_screenj+0x60>
     678:	c0 e0       	ldi	r28, 0x00	; 0
     67a:	d0 e0       	ldi	r29, 0x00	; 0
     67c:	c0 34       	cpi	r28, 0x40	; 64
     67e:	81 e0       	ldi	r24, 0x01	; 1
     680:	d8 07       	cpc	r29, r24
     682:	40 f4       	brcc	.+16     	; 0x694 <_Z18st7789_fill_screenj+0x58>
     684:	80 2f       	mov	r24, r16
     686:	0e 94 81 02 	call	0x502	; 0x502 <_Z9spi_writeh>
     68a:	81 2f       	mov	r24, r17
     68c:	0e 94 81 02 	call	0x502	; 0x502 <_Z9spi_writeh>
     690:	21 96       	adiw	r28, 0x01	; 1
     692:	f4 cf       	rjmp	.-24     	; 0x67c <_Z18st7789_fill_screenj+0x40>
     694:	8f ef       	ldi	r24, 0xFF	; 255
     696:	e8 1a       	sub	r14, r24
     698:	f8 0a       	sbc	r15, r24
     69a:	ea cf       	rjmp	.-44     	; 0x670 <_Z18st7789_fill_screenj+0x34>
     69c:	85 b1       	in	r24, 0x05	; 5
     69e:	84 60       	ori	r24, 0x04	; 4
     6a0:	85 b9       	out	0x05, r24	; 5
     6a2:	df 91       	pop	r29
     6a4:	cf 91       	pop	r28
     6a6:	1f 91       	pop	r17
     6a8:	0f 91       	pop	r16
     6aa:	ff 90       	pop	r15
     6ac:	ef 90       	pop	r14
     6ae:	08 95       	ret

000006b0 <_Z16st7789_fill_rectjjjjj>:
     6b0:	cf 92       	push	r12
     6b2:	df 92       	push	r13
     6b4:	ef 92       	push	r14
     6b6:	ff 92       	push	r15
     6b8:	0f 93       	push	r16
     6ba:	1f 93       	push	r17
     6bc:	cf 93       	push	r28
     6be:	df 93       	push	r29
     6c0:	7a 01       	movw	r14, r20
     6c2:	69 01       	movw	r12, r18
     6c4:	9c 01       	movw	r18, r24
     6c6:	24 0f       	add	r18, r20
     6c8:	35 1f       	adc	r19, r21
     6ca:	21 34       	cpi	r18, 0x41	; 65
     6cc:	31 40       	sbci	r19, 0x01	; 1
     6ce:	28 f0       	brcs	.+10     	; 0x6da <_Z16st7789_fill_rectjjjjj+0x2a>
     6d0:	20 e4       	ldi	r18, 0x40	; 64
     6d2:	31 e0       	ldi	r19, 0x01	; 1
     6d4:	79 01       	movw	r14, r18
     6d6:	e8 1a       	sub	r14, r24
     6d8:	f9 0a       	sbc	r15, r25
     6da:	9b 01       	movw	r18, r22
     6dc:	2c 0d       	add	r18, r12
     6de:	3d 1d       	adc	r19, r13
     6e0:	2b 3a       	cpi	r18, 0xAB	; 171
     6e2:	31 05       	cpc	r19, r1
     6e4:	28 f0       	brcs	.+10     	; 0x6f0 <_Z16st7789_fill_rectjjjjj+0x40>
     6e6:	2a ea       	ldi	r18, 0xAA	; 170
     6e8:	30 e0       	ldi	r19, 0x00	; 0
     6ea:	69 01       	movw	r12, r18
     6ec:	c6 1a       	sub	r12, r22
     6ee:	d7 0a       	sbc	r13, r23
     6f0:	96 01       	movw	r18, r12
     6f2:	26 0f       	add	r18, r22
     6f4:	37 1f       	adc	r19, r23
     6f6:	21 50       	subi	r18, 0x01	; 1
     6f8:	31 09       	sbc	r19, r1
     6fa:	a7 01       	movw	r20, r14
     6fc:	48 0f       	add	r20, r24
     6fe:	59 1f       	adc	r21, r25
     700:	41 50       	subi	r20, 0x01	; 1
     702:	51 09       	sbc	r21, r1
     704:	0e 94 d1 02 	call	0x5a2	; 0x5a2 <_Z17st7789_set_windowjjjj>
     708:	85 b1       	in	r24, 0x05	; 5
     70a:	8b 7f       	andi	r24, 0xFB	; 251
     70c:	85 b9       	out	0x05, r24	; 5
     70e:	85 b1       	in	r24, 0x05	; 5
     710:	82 60       	ori	r24, 0x02	; 2
     712:	85 b9       	out	0x05, r24	; 5
     714:	c0 e0       	ldi	r28, 0x00	; 0
     716:	d0 e0       	ldi	r29, 0x00	; 0
     718:	ec 9c       	mul	r14, r12
     71a:	c0 01       	movw	r24, r0
     71c:	ed 9c       	mul	r14, r13
     71e:	90 0d       	add	r25, r0
     720:	fc 9c       	mul	r15, r12
     722:	90 0d       	add	r25, r0
     724:	11 24       	eor	r1, r1
     726:	c8 17       	cp	r28, r24
     728:	d9 07       	cpc	r29, r25
     72a:	40 f4       	brcc	.+16     	; 0x73c <_Z16st7789_fill_rectjjjjj+0x8c>
     72c:	81 2f       	mov	r24, r17
     72e:	0e 94 81 02 	call	0x502	; 0x502 <_Z9spi_writeh>
     732:	80 2f       	mov	r24, r16
     734:	0e 94 81 02 	call	0x502	; 0x502 <_Z9spi_writeh>
     738:	21 96       	adiw	r28, 0x01	; 1
     73a:	ee cf       	rjmp	.-36     	; 0x718 <_Z16st7789_fill_rectjjjjj+0x68>
     73c:	85 b1       	in	r24, 0x05	; 5
     73e:	84 60       	ori	r24, 0x04	; 4
     740:	85 b9       	out	0x05, r24	; 5
     742:	df 91       	pop	r29
     744:	cf 91       	pop	r28
     746:	1f 91       	pop	r17
     748:	0f 91       	pop	r16
     74a:	ff 90       	pop	r15
     74c:	ef 90       	pop	r14
     74e:	df 90       	pop	r13
     750:	cf 90       	pop	r12
     752:	08 95       	ret

00000754 <_ZL15ui_draw_char_x2jjcjj>:
     754:	5f 92       	push	r5
     756:	6f 92       	push	r6
     758:	7f 92       	push	r7
     75a:	8f 92       	push	r8
     75c:	9f 92       	push	r9
     75e:	af 92       	push	r10
     760:	bf 92       	push	r11
     762:	cf 92       	push	r12
     764:	df 92       	push	r13
     766:	ef 92       	push	r14
     768:	ff 92       	push	r15
     76a:	0f 93       	push	r16
     76c:	1f 93       	push	r17
     76e:	cf 93       	push	r28
     770:	df 93       	push	r29
     772:	7c 01       	movw	r14, r24
     774:	6b 01       	movw	r12, r22
     776:	62 2e       	mov	r6, r18
     778:	53 2e       	mov	r5, r19
     77a:	80 2e       	mov	r8, r16
     77c:	71 2e       	mov	r7, r17
     77e:	40 32       	cpi	r20, 0x20	; 32
     780:	39 f4       	brne	.+14     	; 0x790 <_ZL15ui_draw_char_x2jjcjj+0x3c>
     782:	2e e0       	ldi	r18, 0x0E	; 14
     784:	30 e0       	ldi	r19, 0x00	; 0
     786:	4a e0       	ldi	r20, 0x0A	; 10
     788:	50 e0       	ldi	r21, 0x00	; 0
     78a:	0e 94 58 03 	call	0x6b0	; 0x6b0 <_Z16st7789_fill_rectjjjjj>
     78e:	4c c0       	rjmp	.+152    	; 0x828 <__DATA_REGION_LENGTH__+0x28>
     790:	8f e9       	ldi	r24, 0x9F	; 159
     792:	84 0f       	add	r24, r20
     794:	8a 31       	cpi	r24, 0x1A	; 26
     796:	08 f4       	brcc	.+2      	; 0x79a <_ZL15ui_draw_char_x2jjcjj+0x46>
     798:	40 52       	subi	r20, 0x20	; 32
     79a:	40 52       	subi	r20, 0x20	; 32
     79c:	4b 33       	cpi	r20, 0x3B	; 59
     79e:	08 f0       	brcs	.+2      	; 0x7a2 <_ZL15ui_draw_char_x2jjcjj+0x4e>
     7a0:	43 c0       	rjmp	.+134    	; 0x828 <__DATA_REGION_LENGTH__+0x28>
     7a2:	a4 2e       	mov	r10, r20
     7a4:	b1 2c       	mov	r11, r1
     7a6:	8b e3       	ldi	r24, 0x3B	; 59
     7a8:	a8 16       	cp	r10, r24
     7aa:	b1 04       	cpc	r11, r1
     7ac:	0c f0       	brlt	.+2      	; 0x7b0 <_ZL15ui_draw_char_x2jjcjj+0x5c>
     7ae:	3c c0       	rjmp	.+120    	; 0x828 <__DATA_REGION_LENGTH__+0x28>
     7b0:	91 2c       	mov	r9, r1
     7b2:	84 e0       	ldi	r24, 0x04	; 4
     7b4:	89 15       	cp	r24, r9
     7b6:	c0 f1       	brcs	.+112    	; 0x828 <__DATA_REGION_LENGTH__+0x28>
     7b8:	f5 01       	movw	r30, r10
     7ba:	ee 0f       	add	r30, r30
     7bc:	ff 1f       	adc	r31, r31
     7be:	ee 0f       	add	r30, r30
     7c0:	ff 1f       	adc	r31, r31
     7c2:	ea 0d       	add	r30, r10
     7c4:	fb 1d       	adc	r31, r11
     7c6:	e9 0d       	add	r30, r9
     7c8:	f1 1d       	adc	r31, r1
     7ca:	ea 57       	subi	r30, 0x7A	; 122
     7cc:	ff 4f       	sbci	r31, 0xFF	; 255
     7ce:	d4 91       	lpm	r29, Z
     7d0:	c0 e0       	ldi	r28, 0x00	; 0
     7d2:	c7 30       	cpi	r28, 0x07	; 7
     7d4:	38 f5       	brcc	.+78     	; 0x824 <__DATA_REGION_LENGTH__+0x24>
     7d6:	81 e0       	ldi	r24, 0x01	; 1
     7d8:	90 e0       	ldi	r25, 0x00	; 0
     7da:	0c 2e       	mov	r0, r28
     7dc:	02 c0       	rjmp	.+4      	; 0x7e2 <_ZL15ui_draw_char_x2jjcjj+0x8e>
     7de:	88 0f       	add	r24, r24
     7e0:	99 1f       	adc	r25, r25
     7e2:	0a 94       	dec	r0
     7e4:	e2 f7       	brpl	.-8      	; 0x7de <_ZL15ui_draw_char_x2jjcjj+0x8a>
     7e6:	2d 2f       	mov	r18, r29
     7e8:	30 e0       	ldi	r19, 0x00	; 0
     7ea:	82 23       	and	r24, r18
     7ec:	93 23       	and	r25, r19
     7ee:	89 2b       	or	r24, r25
     7f0:	19 f0       	breq	.+6      	; 0x7f8 <_ZL15ui_draw_char_x2jjcjj+0xa4>
     7f2:	06 2d       	mov	r16, r6
     7f4:	15 2d       	mov	r17, r5
     7f6:	02 c0       	rjmp	.+4      	; 0x7fc <_ZL15ui_draw_char_x2jjcjj+0xa8>
     7f8:	08 2d       	mov	r16, r8
     7fa:	17 2d       	mov	r17, r7
     7fc:	6c 2f       	mov	r22, r28
     7fe:	70 e0       	ldi	r23, 0x00	; 0
     800:	66 0f       	add	r22, r22
     802:	77 1f       	adc	r23, r23
     804:	6c 0d       	add	r22, r12
     806:	7d 1d       	adc	r23, r13
     808:	89 2d       	mov	r24, r9
     80a:	90 e0       	ldi	r25, 0x00	; 0
     80c:	88 0f       	add	r24, r24
     80e:	99 1f       	adc	r25, r25
     810:	22 e0       	ldi	r18, 0x02	; 2
     812:	30 e0       	ldi	r19, 0x00	; 0
     814:	42 e0       	ldi	r20, 0x02	; 2
     816:	50 e0       	ldi	r21, 0x00	; 0
     818:	8e 0d       	add	r24, r14
     81a:	9f 1d       	adc	r25, r15
     81c:	0e 94 58 03 	call	0x6b0	; 0x6b0 <_Z16st7789_fill_rectjjjjj>
     820:	cf 5f       	subi	r28, 0xFF	; 255
     822:	d7 cf       	rjmp	.-82     	; 0x7d2 <_ZL15ui_draw_char_x2jjcjj+0x7e>
     824:	93 94       	inc	r9
     826:	c5 cf       	rjmp	.-118    	; 0x7b2 <_ZL15ui_draw_char_x2jjcjj+0x5e>
     828:	df 91       	pop	r29
     82a:	cf 91       	pop	r28
     82c:	1f 91       	pop	r17
     82e:	0f 91       	pop	r16
     830:	ff 90       	pop	r15
     832:	ef 90       	pop	r14
     834:	df 90       	pop	r13
     836:	cf 90       	pop	r12
     838:	bf 90       	pop	r11
     83a:	af 90       	pop	r10
     83c:	9f 90       	pop	r9
     83e:	8f 90       	pop	r8
     840:	7f 90       	pop	r7
     842:	6f 90       	pop	r6
     844:	5f 90       	pop	r5
     846:	08 95       	ret

00000848 <_ZL15ui_draw_text_x2jjPKcjj>:
     848:	8f 92       	push	r8
     84a:	9f 92       	push	r9
     84c:	af 92       	push	r10
     84e:	bf 92       	push	r11
     850:	cf 92       	push	r12
     852:	df 92       	push	r13
     854:	ef 92       	push	r14
     856:	ff 92       	push	r15
     858:	0f 93       	push	r16
     85a:	1f 93       	push	r17
     85c:	cf 93       	push	r28
     85e:	df 93       	push	r29
     860:	7c 01       	movw	r14, r24
     862:	4b 01       	movw	r8, r22
     864:	ea 01       	movw	r28, r20
     866:	59 01       	movw	r10, r18
     868:	68 01       	movw	r12, r16
     86a:	48 81       	ld	r20, Y
     86c:	44 23       	and	r20, r20
     86e:	59 f0       	breq	.+22     	; 0x886 <_ZL15ui_draw_text_x2jjPKcjj+0x3e>
     870:	86 01       	movw	r16, r12
     872:	95 01       	movw	r18, r10
     874:	b4 01       	movw	r22, r8
     876:	c7 01       	movw	r24, r14
     878:	0e 94 aa 03 	call	0x754	; 0x754 <_ZL15ui_draw_char_x2jjcjj>
     87c:	8c e0       	ldi	r24, 0x0C	; 12
     87e:	e8 0e       	add	r14, r24
     880:	f1 1c       	adc	r15, r1
     882:	21 96       	adiw	r28, 0x01	; 1
     884:	f2 cf       	rjmp	.-28     	; 0x86a <_ZL15ui_draw_text_x2jjPKcjj+0x22>
     886:	df 91       	pop	r29
     888:	cf 91       	pop	r28
     88a:	1f 91       	pop	r17
     88c:	0f 91       	pop	r16
     88e:	ff 90       	pop	r15
     890:	ef 90       	pop	r14
     892:	df 90       	pop	r13
     894:	cf 90       	pop	r12
     896:	bf 90       	pop	r11
     898:	af 90       	pop	r10
     89a:	9f 90       	pop	r9
     89c:	8f 90       	pop	r8
     89e:	08 95       	ret

000008a0 <_ZL8ui_hrulej>:
     8a0:	0f 93       	push	r16
     8a2:	1f 93       	push	r17
     8a4:	8a 3a       	cpi	r24, 0xAA	; 170
     8a6:	91 05       	cpc	r25, r1
     8a8:	58 f4       	brcc	.+22     	; 0x8c0 <_ZL8ui_hrulej+0x20>
     8aa:	bc 01       	movw	r22, r24
     8ac:	00 e2       	ldi	r16, 0x20	; 32
     8ae:	1d eb       	ldi	r17, 0xBD	; 189
     8b0:	21 e0       	ldi	r18, 0x01	; 1
     8b2:	30 e0       	ldi	r19, 0x00	; 0
     8b4:	40 e3       	ldi	r20, 0x30	; 48
     8b6:	51 e0       	ldi	r21, 0x01	; 1
     8b8:	88 e0       	ldi	r24, 0x08	; 8
     8ba:	90 e0       	ldi	r25, 0x00	; 0
     8bc:	0e 94 58 03 	call	0x6b0	; 0x6b0 <_Z16st7789_fill_rectjjjjj>
     8c0:	1f 91       	pop	r17
     8c2:	0f 91       	pop	r16
     8c4:	08 95       	ret

000008c6 <_ZL14ui_gutter_linejj>:
     8c6:	0f 93       	push	r16
     8c8:	1f 93       	push	r17
     8ca:	61 15       	cp	r22, r1
     8cc:	71 05       	cpc	r23, r1
     8ce:	a1 f0       	breq	.+40     	; 0x8f8 <_ZL14ui_gutter_linejj+0x32>
     8d0:	9b 01       	movw	r18, r22
     8d2:	28 0f       	add	r18, r24
     8d4:	39 1f       	adc	r19, r25
     8d6:	2b 3a       	cpi	r18, 0xAB	; 171
     8d8:	31 05       	cpc	r19, r1
     8da:	20 f0       	brcs	.+8      	; 0x8e4 <_ZL14ui_gutter_linejj+0x1e>
     8dc:	6a ea       	ldi	r22, 0xAA	; 170
     8de:	70 e0       	ldi	r23, 0x00	; 0
     8e0:	68 1b       	sub	r22, r24
     8e2:	79 0b       	sbc	r23, r25
     8e4:	00 e2       	ldi	r16, 0x20	; 32
     8e6:	1d eb       	ldi	r17, 0xBD	; 189
     8e8:	9b 01       	movw	r18, r22
     8ea:	41 e0       	ldi	r20, 0x01	; 1
     8ec:	50 e0       	ldi	r21, 0x00	; 0
     8ee:	bc 01       	movw	r22, r24
     8f0:	86 e0       	ldi	r24, 0x06	; 6
     8f2:	90 e0       	ldi	r25, 0x00	; 0
     8f4:	0e 94 58 03 	call	0x6b0	; 0x6b0 <_Z16st7789_fill_rectjjjjj>
     8f8:	1f 91       	pop	r17
     8fa:	0f 91       	pop	r16
     8fc:	08 95       	ret

000008fe <_ZL13ui_clear_bandjj>:
     8fe:	0f 93       	push	r16
     900:	1f 93       	push	r17
     902:	9b 01       	movw	r18, r22
     904:	ac 01       	movw	r20, r24
     906:	46 0f       	add	r20, r22
     908:	57 1f       	adc	r21, r23
     90a:	4b 3a       	cpi	r20, 0xAB	; 171
     90c:	51 05       	cpc	r21, r1
     90e:	20 f0       	brcs	.+8      	; 0x918 <__stack+0x19>
     910:	2a ea       	ldi	r18, 0xAA	; 170
     912:	30 e0       	ldi	r19, 0x00	; 0
     914:	28 1b       	sub	r18, r24
     916:	39 0b       	sbc	r19, r25
     918:	00 e0       	ldi	r16, 0x00	; 0
     91a:	10 e0       	ldi	r17, 0x00	; 0
     91c:	40 e4       	ldi	r20, 0x40	; 64
     91e:	51 e0       	ldi	r21, 0x01	; 1
     920:	bc 01       	movw	r22, r24
     922:	80 e0       	ldi	r24, 0x00	; 0
     924:	90 e0       	ldi	r25, 0x00	; 0
     926:	0e 94 58 03 	call	0x6b0	; 0x6b0 <_Z16st7789_fill_rectjjjjj>
     92a:	1f 91       	pop	r17
     92c:	0f 91       	pop	r16
     92e:	08 95       	ret

00000930 <_Z24st7789_draw_progress_barjjjjjjjj>:
     930:	2f 92       	push	r2
     932:	3f 92       	push	r3
     934:	4f 92       	push	r4
     936:	5f 92       	push	r5
     938:	6f 92       	push	r6
     93a:	7f 92       	push	r7
     93c:	8f 92       	push	r8
     93e:	9f 92       	push	r9
     940:	af 92       	push	r10
     942:	bf 92       	push	r11
     944:	cf 92       	push	r12
     946:	df 92       	push	r13
     948:	ef 92       	push	r14
     94a:	ff 92       	push	r15
     94c:	0f 93       	push	r16
     94e:	1f 93       	push	r17
     950:	cf 93       	push	r28
     952:	df 93       	push	r29
     954:	2c 01       	movw	r4, r24
     956:	4b 01       	movw	r8, r22
     958:	ea 01       	movw	r28, r20
     95a:	39 01       	movw	r6, r18
     95c:	18 01       	movw	r2, r16
     95e:	86 01       	movw	r16, r12
     960:	0e 94 58 03 	call	0x6b0	; 0x6b0 <_Z16st7789_fill_rectjjjjj>
     964:	9e 01       	movw	r18, r28
     966:	d1 01       	movw	r26, r2
     968:	0e 94 f9 15 	call	0x2bf2	; 0x2bf2 <__umulhisi3>
     96c:	97 01       	movw	r18, r14
     96e:	40 e0       	ldi	r20, 0x00	; 0
     970:	50 e0       	ldi	r21, 0x00	; 0
     972:	0e 94 d1 15 	call	0x2ba2	; 0x2ba2 <__udivmodsi4>
     976:	c2 17       	cp	r28, r18
     978:	d3 07       	cpc	r29, r19
     97a:	08 f0       	brcs	.+2      	; 0x97e <_Z24st7789_draw_progress_barjjjjjjjj+0x4e>
     97c:	e9 01       	movw	r28, r18
     97e:	20 97       	sbiw	r28, 0x00	; 0
     980:	39 f0       	breq	.+14     	; 0x990 <_Z24st7789_draw_progress_barjjjjjjjj+0x60>
     982:	85 01       	movw	r16, r10
     984:	93 01       	movw	r18, r6
     986:	ae 01       	movw	r20, r28
     988:	b4 01       	movw	r22, r8
     98a:	c2 01       	movw	r24, r4
     98c:	0e 94 58 03 	call	0x6b0	; 0x6b0 <_Z16st7789_fill_rectjjjjj>
     990:	df 91       	pop	r29
     992:	cf 91       	pop	r28
     994:	1f 91       	pop	r17
     996:	0f 91       	pop	r16
     998:	ff 90       	pop	r15
     99a:	ef 90       	pop	r14
     99c:	df 90       	pop	r13
     99e:	cf 90       	pop	r12
     9a0:	bf 90       	pop	r11
     9a2:	af 90       	pop	r10
     9a4:	9f 90       	pop	r9
     9a6:	8f 90       	pop	r8
     9a8:	7f 90       	pop	r7
     9aa:	6f 90       	pop	r6
     9ac:	5f 90       	pop	r5
     9ae:	4f 90       	pop	r4
     9b0:	3f 90       	pop	r3
     9b2:	2f 90       	pop	r2
     9b4:	08 95       	ret

000009b6 <_Z16st7789_draw_charjjcjj>:
     9b6:	6f 92       	push	r6
     9b8:	7f 92       	push	r7
     9ba:	8f 92       	push	r8
     9bc:	9f 92       	push	r9
     9be:	af 92       	push	r10
     9c0:	bf 92       	push	r11
     9c2:	cf 92       	push	r12
     9c4:	df 92       	push	r13
     9c6:	ef 92       	push	r14
     9c8:	ff 92       	push	r15
     9ca:	0f 93       	push	r16
     9cc:	1f 93       	push	r17
     9ce:	cf 93       	push	r28
     9d0:	df 93       	push	r29
     9d2:	7c 01       	movw	r14, r24
     9d4:	6b 01       	movw	r12, r22
     9d6:	49 01       	movw	r8, r18
     9d8:	58 01       	movw	r10, r16
     9da:	40 32       	cpi	r20, 0x20	; 32
     9dc:	39 f4       	brne	.+14     	; 0x9ec <_Z16st7789_draw_charjjcjj+0x36>
     9de:	27 e0       	ldi	r18, 0x07	; 7
     9e0:	30 e0       	ldi	r19, 0x00	; 0
     9e2:	45 e0       	ldi	r20, 0x05	; 5
     9e4:	50 e0       	ldi	r21, 0x00	; 0
     9e6:	0e 94 58 03 	call	0x6b0	; 0x6b0 <_Z16st7789_fill_rectjjjjj>
     9ea:	6d c0       	rjmp	.+218    	; 0xac6 <_Z16st7789_draw_charjjcjj+0x110>
     9ec:	8f e9       	ldi	r24, 0x9F	; 159
     9ee:	84 0f       	add	r24, r20
     9f0:	8a 31       	cpi	r24, 0x1A	; 26
     9f2:	08 f4       	brcc	.+2      	; 0x9f6 <_Z16st7789_draw_charjjcjj+0x40>
     9f4:	40 52       	subi	r20, 0x20	; 32
     9f6:	88 e1       	ldi	r24, 0x18	; 24
     9f8:	84 0f       	add	r24, r20
     9fa:	84 30       	cpi	r24, 0x04	; 4
     9fc:	88 f0       	brcs	.+34     	; 0xa20 <_Z16st7789_draw_charjjcjj+0x6a>
     9fe:	80 e2       	ldi	r24, 0x20	; 32
     a00:	84 0f       	add	r24, r20
     a02:	84 30       	cpi	r24, 0x04	; 4
     a04:	78 f0       	brcs	.+30     	; 0xa24 <_Z16st7789_draw_charjjcjj+0x6e>
     a06:	87 e0       	ldi	r24, 0x07	; 7
     a08:	84 0f       	add	r24, r20
     a0a:	84 30       	cpi	r24, 0x04	; 4
     a0c:	68 f0       	brcs	.+26     	; 0xa28 <_Z16st7789_draw_charjjcjj+0x72>
     a0e:	84 e1       	ldi	r24, 0x14	; 20
     a10:	84 0f       	add	r24, r20
     a12:	84 30       	cpi	r24, 0x04	; 4
     a14:	58 f0       	brcs	.+22     	; 0xa2c <_Z16st7789_draw_charjjcjj+0x76>
     a16:	8e e0       	ldi	r24, 0x0E	; 14
     a18:	84 0f       	add	r24, r20
     a1a:	84 30       	cpi	r24, 0x04	; 4
     a1c:	48 f0       	brcs	.+18     	; 0xa30 <_Z16st7789_draw_charjjcjj+0x7a>
     a1e:	09 c0       	rjmp	.+18     	; 0xa32 <_Z16st7789_draw_charjjcjj+0x7c>
     a20:	45 e4       	ldi	r20, 0x45	; 69
     a22:	07 c0       	rjmp	.+14     	; 0xa32 <_Z16st7789_draw_charjjcjj+0x7c>
     a24:	41 e4       	ldi	r20, 0x41	; 65
     a26:	05 c0       	rjmp	.+10     	; 0xa32 <_Z16st7789_draw_charjjcjj+0x7c>
     a28:	45 e5       	ldi	r20, 0x55	; 85
     a2a:	03 c0       	rjmp	.+6      	; 0xa32 <_Z16st7789_draw_charjjcjj+0x7c>
     a2c:	49 e4       	ldi	r20, 0x49	; 73
     a2e:	01 c0       	rjmp	.+2      	; 0xa32 <_Z16st7789_draw_charjjcjj+0x7c>
     a30:	4f e4       	ldi	r20, 0x4F	; 79
     a32:	0f 2e       	mov	r0, r31
     a34:	f0 ee       	ldi	r31, 0xE0	; 224
     a36:	6f 2e       	mov	r6, r31
     a38:	f0 2d       	mov	r31, r0
     a3a:	64 0e       	add	r6, r20
     a3c:	8a e3       	ldi	r24, 0x3A	; 58
     a3e:	86 15       	cp	r24, r6
     a40:	08 f4       	brcc	.+2      	; 0xa44 <_Z16st7789_draw_charjjcjj+0x8e>
     a42:	41 c0       	rjmp	.+130    	; 0xac6 <_Z16st7789_draw_charjjcjj+0x110>
     a44:	86 15       	cp	r24, r6
     a46:	08 f4       	brcc	.+2      	; 0xa4a <_Z16st7789_draw_charjjcjj+0x94>
     a48:	3e c0       	rjmp	.+124    	; 0xac6 <_Z16st7789_draw_charjjcjj+0x110>
     a4a:	71 2c       	mov	r7, r1
     a4c:	84 e0       	ldi	r24, 0x04	; 4
     a4e:	87 15       	cp	r24, r7
     a50:	d0 f1       	brcs	.+116    	; 0xac6 <_Z16st7789_draw_charjjcjj+0x110>
     a52:	86 2d       	mov	r24, r6
     a54:	90 e0       	ldi	r25, 0x00	; 0
     a56:	fc 01       	movw	r30, r24
     a58:	ee 0f       	add	r30, r30
     a5a:	ff 1f       	adc	r31, r31
     a5c:	ee 0f       	add	r30, r30
     a5e:	ff 1f       	adc	r31, r31
     a60:	e8 0f       	add	r30, r24
     a62:	f9 1f       	adc	r31, r25
     a64:	e7 0d       	add	r30, r7
     a66:	f1 1d       	adc	r31, r1
     a68:	ea 57       	subi	r30, 0x7A	; 122
     a6a:	ff 4f       	sbci	r31, 0xFF	; 255
     a6c:	d4 91       	lpm	r29, Z
     a6e:	c0 e0       	ldi	r28, 0x00	; 0
     a70:	c7 30       	cpi	r28, 0x07	; 7
     a72:	38 f5       	brcc	.+78     	; 0xac2 <_Z16st7789_draw_charjjcjj+0x10c>
     a74:	8d 2f       	mov	r24, r29
     a76:	90 e0       	ldi	r25, 0x00	; 0
     a78:	0c 2e       	mov	r0, r28
     a7a:	02 c0       	rjmp	.+4      	; 0xa80 <_Z16st7789_draw_charjjcjj+0xca>
     a7c:	95 95       	asr	r25
     a7e:	87 95       	ror	r24
     a80:	0a 94       	dec	r0
     a82:	e2 f7       	brpl	.-8      	; 0xa7c <_Z16st7789_draw_charjjcjj+0xc6>
     a84:	80 ff       	sbrs	r24, 0
     a86:	0e c0       	rjmp	.+28     	; 0xaa4 <_Z16st7789_draw_charjjcjj+0xee>
     a88:	84 01       	movw	r16, r8
     a8a:	21 e0       	ldi	r18, 0x01	; 1
     a8c:	30 e0       	ldi	r19, 0x00	; 0
     a8e:	41 e0       	ldi	r20, 0x01	; 1
     a90:	50 e0       	ldi	r21, 0x00	; 0
     a92:	b6 01       	movw	r22, r12
     a94:	6c 0f       	add	r22, r28
     a96:	71 1d       	adc	r23, r1
     a98:	c7 01       	movw	r24, r14
     a9a:	87 0d       	add	r24, r7
     a9c:	91 1d       	adc	r25, r1
     a9e:	0e 94 58 03 	call	0x6b0	; 0x6b0 <_Z16st7789_fill_rectjjjjj>
     aa2:	0d c0       	rjmp	.+26     	; 0xabe <_Z16st7789_draw_charjjcjj+0x108>
     aa4:	85 01       	movw	r16, r10
     aa6:	21 e0       	ldi	r18, 0x01	; 1
     aa8:	30 e0       	ldi	r19, 0x00	; 0
     aaa:	41 e0       	ldi	r20, 0x01	; 1
     aac:	50 e0       	ldi	r21, 0x00	; 0
     aae:	b6 01       	movw	r22, r12
     ab0:	6c 0f       	add	r22, r28
     ab2:	71 1d       	adc	r23, r1
     ab4:	c7 01       	movw	r24, r14
     ab6:	87 0d       	add	r24, r7
     ab8:	91 1d       	adc	r25, r1
     aba:	0e 94 58 03 	call	0x6b0	; 0x6b0 <_Z16st7789_fill_rectjjjjj>
     abe:	cf 5f       	subi	r28, 0xFF	; 255
     ac0:	d7 cf       	rjmp	.-82     	; 0xa70 <_Z16st7789_draw_charjjcjj+0xba>
     ac2:	73 94       	inc	r7
     ac4:	c3 cf       	rjmp	.-122    	; 0xa4c <_Z16st7789_draw_charjjcjj+0x96>
     ac6:	df 91       	pop	r29
     ac8:	cf 91       	pop	r28
     aca:	1f 91       	pop	r17
     acc:	0f 91       	pop	r16
     ace:	ff 90       	pop	r15
     ad0:	ef 90       	pop	r14
     ad2:	df 90       	pop	r13
     ad4:	cf 90       	pop	r12
     ad6:	bf 90       	pop	r11
     ad8:	af 90       	pop	r10
     ada:	9f 90       	pop	r9
     adc:	8f 90       	pop	r8
     ade:	7f 90       	pop	r7
     ae0:	6f 90       	pop	r6
     ae2:	08 95       	ret

00000ae4 <_Z16st7789_draw_textjjPKcjj>:
     ae4:	8f 92       	push	r8
     ae6:	9f 92       	push	r9
     ae8:	af 92       	push	r10
     aea:	bf 92       	push	r11
     aec:	cf 92       	push	r12
     aee:	df 92       	push	r13
     af0:	ef 92       	push	r14
     af2:	ff 92       	push	r15
     af4:	0f 93       	push	r16
     af6:	1f 93       	push	r17
     af8:	cf 93       	push	r28
     afa:	df 93       	push	r29
     afc:	7c 01       	movw	r14, r24
     afe:	4b 01       	movw	r8, r22
     b00:	ea 01       	movw	r28, r20
     b02:	59 01       	movw	r10, r18
     b04:	68 01       	movw	r12, r16
     b06:	48 81       	ld	r20, Y
     b08:	44 23       	and	r20, r20
     b0a:	59 f0       	breq	.+22     	; 0xb22 <_Z16st7789_draw_textjjPKcjj+0x3e>
     b0c:	86 01       	movw	r16, r12
     b0e:	95 01       	movw	r18, r10
     b10:	b4 01       	movw	r22, r8
     b12:	c7 01       	movw	r24, r14
     b14:	0e 94 db 04 	call	0x9b6	; 0x9b6 <_Z16st7789_draw_charjjcjj>
     b18:	86 e0       	ldi	r24, 0x06	; 6
     b1a:	e8 0e       	add	r14, r24
     b1c:	f1 1c       	adc	r15, r1
     b1e:	21 96       	adiw	r28, 0x01	; 1
     b20:	f2 cf       	rjmp	.-28     	; 0xb06 <_Z16st7789_draw_textjjPKcjj+0x22>
     b22:	df 91       	pop	r29
     b24:	cf 91       	pop	r28
     b26:	1f 91       	pop	r17
     b28:	0f 91       	pop	r16
     b2a:	ff 90       	pop	r15
     b2c:	ef 90       	pop	r14
     b2e:	df 90       	pop	r13
     b30:	cf 90       	pop	r12
     b32:	bf 90       	pop	r11
     b34:	af 90       	pop	r10
     b36:	9f 90       	pop	r9
     b38:	8f 90       	pop	r8
     b3a:	08 95       	ret

00000b3c <_ZL20footer_paint_img_rowPjPKcS1_j>:
     b3c:	af 92       	push	r10
     b3e:	bf 92       	push	r11
     b40:	cf 92       	push	r12
     b42:	df 92       	push	r13
     b44:	ef 92       	push	r14
     b46:	ff 92       	push	r15
     b48:	0f 93       	push	r16
     b4a:	1f 93       	push	r17
     b4c:	cf 93       	push	r28
     b4e:	df 93       	push	r29
     b50:	ec 01       	movw	r28, r24
     b52:	5b 01       	movw	r10, r22
     b54:	7a 01       	movw	r14, r20
     b56:	69 01       	movw	r12, r18
     b58:	68 81       	ld	r22, Y
     b5a:	79 81       	ldd	r23, Y+1	; 0x01
     b5c:	00 e0       	ldi	r16, 0x00	; 0
     b5e:	10 e0       	ldi	r17, 0x00	; 0
     b60:	2a e0       	ldi	r18, 0x0A	; 10
     b62:	30 e0       	ldi	r19, 0x00	; 0
     b64:	40 e4       	ldi	r20, 0x40	; 64
     b66:	51 e0       	ldi	r21, 0x01	; 1
     b68:	80 e0       	ldi	r24, 0x00	; 0
     b6a:	90 e0       	ldi	r25, 0x00	; 0
     b6c:	0e 94 58 03 	call	0x6b0	; 0x6b0 <_Z16st7789_fill_rectjjjjj>
     b70:	6a e0       	ldi	r22, 0x0A	; 10
     b72:	70 e0       	ldi	r23, 0x00	; 0
     b74:	88 81       	ld	r24, Y
     b76:	99 81       	ldd	r25, Y+1	; 0x01
     b78:	0e 94 63 04 	call	0x8c6	; 0x8c6 <_ZL14ui_gutter_linejj>
     b7c:	68 81       	ld	r22, Y
     b7e:	79 81       	ldd	r23, Y+1	; 0x01
     b80:	6f 5f       	subi	r22, 0xFF	; 255
     b82:	7f 4f       	sbci	r23, 0xFF	; 255
     b84:	20 ec       	ldi	r18, 0xC0	; 192
     b86:	3e ef       	ldi	r19, 0xFE	; 254
     b88:	a5 01       	movw	r20, r10
     b8a:	8a e0       	ldi	r24, 0x0A	; 10
     b8c:	90 e0       	ldi	r25, 0x00	; 0
     b8e:	0e 94 72 05 	call	0xae4	; 0xae4 <_Z16st7789_draw_textjjPKcjj>
     b92:	68 81       	ld	r22, Y
     b94:	79 81       	ldd	r23, Y+1	; 0x01
     b96:	6f 5f       	subi	r22, 0xFF	; 255
     b98:	7f 4f       	sbci	r23, 0xFF	; 255
     b9a:	96 01       	movw	r18, r12
     b9c:	a7 01       	movw	r20, r14
     b9e:	86 e7       	ldi	r24, 0x76	; 118
     ba0:	90 e0       	ldi	r25, 0x00	; 0
     ba2:	0e 94 72 05 	call	0xae4	; 0xae4 <_Z16st7789_draw_textjjPKcjj>
     ba6:	88 81       	ld	r24, Y
     ba8:	99 81       	ldd	r25, Y+1	; 0x01
     baa:	0a 96       	adiw	r24, 0x0a	; 10
     bac:	99 83       	std	Y+1, r25	; 0x01
     bae:	88 83       	st	Y, r24
     bb0:	df 91       	pop	r29
     bb2:	cf 91       	pop	r28
     bb4:	1f 91       	pop	r17
     bb6:	0f 91       	pop	r16
     bb8:	ff 90       	pop	r15
     bba:	ef 90       	pop	r14
     bbc:	df 90       	pop	r13
     bbe:	cf 90       	pop	r12
     bc0:	bf 90       	pop	r11
     bc2:	af 90       	pop	r10
     bc4:	08 95       	ret

00000bc6 <_ZL11ui_row_keysjh>:
     bc6:	7f 92       	push	r7
     bc8:	8f 92       	push	r8
     bca:	9f 92       	push	r9
     bcc:	af 92       	push	r10
     bce:	bf 92       	push	r11
     bd0:	cf 92       	push	r12
     bd2:	df 92       	push	r13
     bd4:	ef 92       	push	r14
     bd6:	ff 92       	push	r15
     bd8:	0f 93       	push	r16
     bda:	1f 93       	push	r17
     bdc:	cf 93       	push	r28
     bde:	df 93       	push	r29
     be0:	cd b7       	in	r28, 0x3d	; 61
     be2:	de b7       	in	r29, 0x3e	; 62
     be4:	a4 97       	sbiw	r28, 0x24	; 36
     be6:	0f b6       	in	r0, 0x3f	; 63
     be8:	f8 94       	cli
     bea:	de bf       	out	0x3e, r29	; 62
     bec:	0f be       	out	0x3f, r0	; 63
     bee:	cd bf       	out	0x3d, r28	; 61
     bf0:	7c 01       	movw	r14, r24
     bf2:	76 2e       	mov	r7, r22
     bf4:	86 2e       	mov	r8, r22
     bf6:	91 2c       	mov	r9, r1
     bf8:	84 e6       	ldi	r24, 0x64	; 100
     bfa:	88 9d       	mul	r24, r8
     bfc:	90 01       	movw	r18, r0
     bfe:	89 9d       	mul	r24, r9
     c00:	30 0d       	add	r19, r0
     c02:	11 24       	eor	r1, r1
     c04:	a1 ef       	ldi	r26, 0xF1	; 241
     c06:	b0 ef       	ldi	r27, 0xF0	; 240
     c08:	0e 94 f9 15 	call	0x2bf2	; 0x2bf2 <__umulhisi3>
     c0c:	5c 01       	movw	r10, r24
     c0e:	b6 94       	lsr	r11
     c10:	a7 94       	ror	r10
     c12:	b6 94       	lsr	r11
     c14:	a7 94       	ror	r10
     c16:	b6 94       	lsr	r11
     c18:	a7 94       	ror	r10
     c1a:	b6 94       	lsr	r11
     c1c:	a7 94       	ror	r10
     c1e:	62 e1       	ldi	r22, 0x12	; 18
     c20:	70 e0       	ldi	r23, 0x00	; 0
     c22:	c7 01       	movw	r24, r14
     c24:	0e 94 7f 04 	call	0x8fe	; 0x8fe <_ZL13ui_clear_bandjj>
     c28:	62 e1       	ldi	r22, 0x12	; 18
     c2a:	70 e0       	ldi	r23, 0x00	; 0
     c2c:	c7 01       	movw	r24, r14
     c2e:	0e 94 63 04 	call	0x8c6	; 0x8c6 <_ZL14ui_gutter_linejj>
     c32:	67 01       	movw	r12, r14
     c34:	82 e0       	ldi	r24, 0x02	; 2
     c36:	c8 0e       	add	r12, r24
     c38:	d1 1c       	adc	r13, r1
     c3a:	00 e0       	ldi	r16, 0x00	; 0
     c3c:	10 e0       	ldi	r17, 0x00	; 0
     c3e:	20 ec       	ldi	r18, 0xC0	; 192
     c40:	3e ef       	ldi	r19, 0xFE	; 254
     c42:	49 e5       	ldi	r20, 0x59	; 89
     c44:	51 e0       	ldi	r21, 0x01	; 1
     c46:	b6 01       	movw	r22, r12
     c48:	8a e0       	ldi	r24, 0x0A	; 10
     c4a:	90 e0       	ldi	r25, 0x00	; 0
     c4c:	0e 94 72 05 	call	0xae4	; 0xae4 <_Z16st7789_draw_textjjPKcjj>
     c50:	19 82       	std	Y+1, r1	; 0x01
     c52:	67 2d       	mov	r22, r7
     c54:	ce 01       	movw	r24, r28
     c56:	01 96       	adiw	r24, 0x01	; 1
     c58:	0e 94 1a 01 	call	0x234	; 0x234 <_ZL6fmt_u8Pch>
     c5c:	de 01       	movw	r26, r28
     c5e:	11 96       	adiw	r26, 0x01	; 1
     c60:	80 e0       	ldi	r24, 0x00	; 0
     c62:	9c 91       	ld	r25, X
     c64:	99 23       	and	r25, r25
     c66:	61 f0       	breq	.+24     	; 0xc80 <_ZL11ui_row_keysjh+0xba>
     c68:	8e 30       	cpi	r24, 0x0E	; 14
     c6a:	50 f4       	brcc	.+20     	; 0xc80 <_ZL11ui_row_keysjh+0xba>
     c6c:	11 96       	adiw	r26, 0x01	; 1
     c6e:	e9 e0       	ldi	r30, 0x09	; 9
     c70:	f0 e0       	ldi	r31, 0x00	; 0
     c72:	ec 0f       	add	r30, r28
     c74:	fd 1f       	adc	r31, r29
     c76:	e8 0f       	add	r30, r24
     c78:	f1 1d       	adc	r31, r1
     c7a:	90 83       	st	Z, r25
     c7c:	8f 5f       	subi	r24, 0xFF	; 255
     c7e:	f1 cf       	rjmp	.-30     	; 0xc62 <_ZL11ui_row_keysjh+0x9c>
     c80:	11 e0       	ldi	r17, 0x01	; 1
     c82:	18 0f       	add	r17, r24
     c84:	e9 e0       	ldi	r30, 0x09	; 9
     c86:	f0 e0       	ldi	r31, 0x00	; 0
     c88:	ec 0f       	add	r30, r28
     c8a:	fd 1f       	adc	r31, r29
     c8c:	e8 0f       	add	r30, r24
     c8e:	f1 1d       	adc	r31, r1
     c90:	8f e2       	ldi	r24, 0x2F	; 47
     c92:	80 83       	st	Z, r24
     c94:	61 e1       	ldi	r22, 0x11	; 17
     c96:	ce 01       	movw	r24, r28
     c98:	01 96       	adiw	r24, 0x01	; 1
     c9a:	0e 94 1a 01 	call	0x234	; 0x234 <_ZL6fmt_u8Pch>
     c9e:	de 01       	movw	r26, r28
     ca0:	11 96       	adiw	r26, 0x01	; 1
     ca2:	8c 91       	ld	r24, X
     ca4:	88 23       	and	r24, r24
     ca6:	61 f0       	breq	.+24     	; 0xcc0 <_ZL11ui_row_keysjh+0xfa>
     ca8:	10 31       	cpi	r17, 0x10	; 16
     caa:	50 f4       	brcc	.+20     	; 0xcc0 <_ZL11ui_row_keysjh+0xfa>
     cac:	11 96       	adiw	r26, 0x01	; 1
     cae:	e9 e0       	ldi	r30, 0x09	; 9
     cb0:	f0 e0       	ldi	r31, 0x00	; 0
     cb2:	ec 0f       	add	r30, r28
     cb4:	fd 1f       	adc	r31, r29
     cb6:	e1 0f       	add	r30, r17
     cb8:	f1 1d       	adc	r31, r1
     cba:	80 83       	st	Z, r24
     cbc:	1f 5f       	subi	r17, 0xFF	; 255
     cbe:	f1 cf       	rjmp	.-30     	; 0xca2 <_ZL11ui_row_keysjh+0xdc>
     cc0:	81 e0       	ldi	r24, 0x01	; 1
     cc2:	81 0f       	add	r24, r17
     cc4:	e9 e0       	ldi	r30, 0x09	; 9
     cc6:	f0 e0       	ldi	r31, 0x00	; 0
     cc8:	ec 0f       	add	r30, r28
     cca:	fd 1f       	adc	r31, r29
     ccc:	e1 0f       	add	r30, r17
     cce:	f1 1d       	adc	r31, r1
     cd0:	90 e2       	ldi	r25, 0x20	; 32
     cd2:	90 83       	st	Z, r25
     cd4:	1e 5f       	subi	r17, 0xFE	; 254
     cd6:	e9 e0       	ldi	r30, 0x09	; 9
     cd8:	f0 e0       	ldi	r31, 0x00	; 0
     cda:	ec 0f       	add	r30, r28
     cdc:	fd 1f       	adc	r31, r29
     cde:	e8 0f       	add	r30, r24
     ce0:	f1 1d       	adc	r31, r1
     ce2:	88 e2       	ldi	r24, 0x28	; 40
     ce4:	80 83       	st	Z, r24
     ce6:	6a 2d       	mov	r22, r10
     ce8:	ce 01       	movw	r24, r28
     cea:	4f 96       	adiw	r24, 0x1f	; 31
     cec:	0e 94 f6 00 	call	0x1ec	; 0x1ec <_ZL7fmt_pctPch>
     cf0:	de 01       	movw	r26, r28
     cf2:	5f 96       	adiw	r26, 0x1f	; 31
     cf4:	8c 91       	ld	r24, X
     cf6:	88 23       	and	r24, r24
     cf8:	61 f0       	breq	.+24     	; 0xd12 <_ZL11ui_row_keysjh+0x14c>
     cfa:	14 31       	cpi	r17, 0x14	; 20
     cfc:	50 f4       	brcc	.+20     	; 0xd12 <_ZL11ui_row_keysjh+0x14c>
     cfe:	11 96       	adiw	r26, 0x01	; 1
     d00:	e9 e0       	ldi	r30, 0x09	; 9
     d02:	f0 e0       	ldi	r31, 0x00	; 0
     d04:	ec 0f       	add	r30, r28
     d06:	fd 1f       	adc	r31, r29
     d08:	e1 0f       	add	r30, r17
     d0a:	f1 1d       	adc	r31, r1
     d0c:	80 83       	st	Z, r24
     d0e:	1f 5f       	subi	r17, 0xFF	; 255
     d10:	f1 cf       	rjmp	.-30     	; 0xcf4 <_ZL11ui_row_keysjh+0x12e>
     d12:	81 e0       	ldi	r24, 0x01	; 1
     d14:	81 0f       	add	r24, r17
     d16:	e9 e0       	ldi	r30, 0x09	; 9
     d18:	f0 e0       	ldi	r31, 0x00	; 0
     d1a:	ec 0f       	add	r30, r28
     d1c:	fd 1f       	adc	r31, r29
     d1e:	e1 0f       	add	r30, r17
     d20:	f1 1d       	adc	r31, r1
     d22:	95 e2       	ldi	r25, 0x25	; 37
     d24:	90 83       	st	Z, r25
     d26:	1e 5f       	subi	r17, 0xFE	; 254
     d28:	e9 e0       	ldi	r30, 0x09	; 9
     d2a:	f0 e0       	ldi	r31, 0x00	; 0
     d2c:	ec 0f       	add	r30, r28
     d2e:	fd 1f       	adc	r31, r29
     d30:	e8 0f       	add	r30, r24
     d32:	f1 1d       	adc	r31, r1
     d34:	89 e2       	ldi	r24, 0x29	; 41
     d36:	80 83       	st	Z, r24
     d38:	e9 e0       	ldi	r30, 0x09	; 9
     d3a:	f0 e0       	ldi	r31, 0x00	; 0
     d3c:	ec 0f       	add	r30, r28
     d3e:	fd 1f       	adc	r31, r29
     d40:	e1 0f       	add	r30, r17
     d42:	f1 1d       	adc	r31, r1
     d44:	10 82       	st	Z, r1
     d46:	00 e0       	ldi	r16, 0x00	; 0
     d48:	10 e0       	ldi	r17, 0x00	; 0
     d4a:	2f ef       	ldi	r18, 0xFF	; 255
     d4c:	3f ef       	ldi	r19, 0xFF	; 255
     d4e:	ae 01       	movw	r20, r28
     d50:	47 5f       	subi	r20, 0xF7	; 247
     d52:	5f 4f       	sbci	r21, 0xFF	; 255
     d54:	b6 01       	movw	r22, r12
     d56:	86 e7       	ldi	r24, 0x76	; 118
     d58:	90 e0       	ldi	r25, 0x00	; 0
     d5a:	0e 94 72 05 	call	0xae4	; 0xae4 <_Z16st7789_draw_textjjPKcjj>
     d5e:	b7 01       	movw	r22, r14
     d60:	62 5f       	subi	r22, 0xF2	; 242
     d62:	7f 4f       	sbci	r23, 0xFF	; 255
     d64:	0f 2e       	mov	r0, r31
     d66:	f0 e2       	ldi	r31, 0x20	; 32
     d68:	af 2e       	mov	r10, r31
     d6a:	fd ef       	ldi	r31, 0xFD	; 253
     d6c:	bf 2e       	mov	r11, r31
     d6e:	f0 2d       	mov	r31, r0
     d70:	0f 2e       	mov	r0, r31
     d72:	f0 e2       	ldi	r31, 0x20	; 32
     d74:	cf 2e       	mov	r12, r31
     d76:	fd eb       	ldi	r31, 0xBD	; 189
     d78:	df 2e       	mov	r13, r31
     d7a:	f0 2d       	mov	r31, r0
     d7c:	0f 2e       	mov	r0, r31
     d7e:	f1 e1       	ldi	r31, 0x11	; 17
     d80:	ef 2e       	mov	r14, r31
     d82:	f1 2c       	mov	r15, r1
     d84:	f0 2d       	mov	r31, r0
     d86:	84 01       	movw	r16, r8
     d88:	23 e0       	ldi	r18, 0x03	; 3
     d8a:	30 e0       	ldi	r19, 0x00	; 0
     d8c:	4c e2       	ldi	r20, 0x2C	; 44
     d8e:	51 e0       	ldi	r21, 0x01	; 1
     d90:	8a e0       	ldi	r24, 0x0A	; 10
     d92:	90 e0       	ldi	r25, 0x00	; 0
     d94:	0e 94 98 04 	call	0x930	; 0x930 <_Z24st7789_draw_progress_barjjjjjjjj>
     d98:	a4 96       	adiw	r28, 0x24	; 36
     d9a:	0f b6       	in	r0, 0x3f	; 63
     d9c:	f8 94       	cli
     d9e:	de bf       	out	0x3e, r29	; 62
     da0:	0f be       	out	0x3f, r0	; 63
     da2:	cd bf       	out	0x3d, r28	; 61
     da4:	df 91       	pop	r29
     da6:	cf 91       	pop	r28
     da8:	1f 91       	pop	r17
     daa:	0f 91       	pop	r16
     dac:	ff 90       	pop	r15
     dae:	ef 90       	pop	r14
     db0:	df 90       	pop	r13
     db2:	cf 90       	pop	r12
     db4:	bf 90       	pop	r11
     db6:	af 90       	pop	r10
     db8:	9f 90       	pop	r9
     dba:	8f 90       	pop	r8
     dbc:	7f 90       	pop	r7
     dbe:	08 95       	ret

00000dc0 <_ZL14ui_row_ambientjj>:
     dc0:	8f 92       	push	r8
     dc2:	9f 92       	push	r9
     dc4:	af 92       	push	r10
     dc6:	bf 92       	push	r11
     dc8:	cf 92       	push	r12
     dca:	df 92       	push	r13
     dcc:	ef 92       	push	r14
     dce:	ff 92       	push	r15
     dd0:	0f 93       	push	r16
     dd2:	1f 93       	push	r17
     dd4:	cf 93       	push	r28
     dd6:	df 93       	push	r29
     dd8:	cd b7       	in	r28, 0x3d	; 61
     dda:	de b7       	in	r29, 0x3e	; 62
     ddc:	28 97       	sbiw	r28, 0x08	; 8
     dde:	0f b6       	in	r0, 0x3f	; 63
     de0:	f8 94       	cli
     de2:	de bf       	out	0x3e, r29	; 62
     de4:	0f be       	out	0x3f, r0	; 63
     de6:	cd bf       	out	0x3d, r28	; 61
     de8:	7c 01       	movw	r14, r24
     dea:	4b 01       	movw	r8, r22
     dec:	61 15       	cp	r22, r1
     dee:	74 40       	sbci	r23, 0x04	; 4
     df0:	30 f0       	brcs	.+12     	; 0xdfe <_ZL14ui_row_ambientjj+0x3e>
     df2:	0f 2e       	mov	r0, r31
     df4:	88 24       	eor	r8, r8
     df6:	8a 94       	dec	r8
     df8:	f3 e0       	ldi	r31, 0x03	; 3
     dfa:	9f 2e       	mov	r9, r31
     dfc:	f0 2d       	mov	r31, r0
     dfe:	94 01       	movw	r18, r8
     e00:	a4 e6       	ldi	r26, 0x64	; 100
     e02:	b0 e0       	ldi	r27, 0x00	; 0
     e04:	0e 94 f9 15 	call	0x2bf2	; 0x2bf2 <__umulhisi3>
     e08:	2f ef       	ldi	r18, 0xFF	; 255
     e0a:	33 e0       	ldi	r19, 0x03	; 3
     e0c:	40 e0       	ldi	r20, 0x00	; 0
     e0e:	50 e0       	ldi	r21, 0x00	; 0
     e10:	0e 94 d1 15 	call	0x2ba2	; 0x2ba2 <__udivmodsi4>
     e14:	b2 2e       	mov	r11, r18
     e16:	60 e1       	ldi	r22, 0x10	; 16
     e18:	70 e0       	ldi	r23, 0x00	; 0
     e1a:	c7 01       	movw	r24, r14
     e1c:	0e 94 7f 04 	call	0x8fe	; 0x8fe <_ZL13ui_clear_bandjj>
     e20:	60 e1       	ldi	r22, 0x10	; 16
     e22:	70 e0       	ldi	r23, 0x00	; 0
     e24:	c7 01       	movw	r24, r14
     e26:	0e 94 63 04 	call	0x8c6	; 0x8c6 <_ZL14ui_gutter_linejj>
     e2a:	67 01       	movw	r12, r14
     e2c:	82 e0       	ldi	r24, 0x02	; 2
     e2e:	c8 0e       	add	r12, r24
     e30:	d1 1c       	adc	r13, r1
     e32:	00 e0       	ldi	r16, 0x00	; 0
     e34:	10 e0       	ldi	r17, 0x00	; 0
     e36:	20 ec       	ldi	r18, 0xC0	; 192
     e38:	3e ef       	ldi	r19, 0xFE	; 254
     e3a:	41 e6       	ldi	r20, 0x61	; 97
     e3c:	51 e0       	ldi	r21, 0x01	; 1
     e3e:	b6 01       	movw	r22, r12
     e40:	8a e0       	ldi	r24, 0x0A	; 10
     e42:	90 e0       	ldi	r25, 0x00	; 0
     e44:	0e 94 72 05 	call	0xae4	; 0xae4 <_Z16st7789_draw_textjjPKcjj>
     e48:	6b 2d       	mov	r22, r11
     e4a:	ce 01       	movw	r24, r28
     e4c:	01 96       	adiw	r24, 0x01	; 1
     e4e:	0e 94 f6 00 	call	0x1ec	; 0x1ec <_ZL7fmt_pctPch>
     e52:	80 e0       	ldi	r24, 0x00	; 0
     e54:	28 2f       	mov	r18, r24
     e56:	30 e0       	ldi	r19, 0x00	; 0
     e58:	e1 e0       	ldi	r30, 0x01	; 1
     e5a:	f0 e0       	ldi	r31, 0x00	; 0
     e5c:	ec 0f       	add	r30, r28
     e5e:	fd 1f       	adc	r31, r29
     e60:	e2 0f       	add	r30, r18
     e62:	f3 1f       	adc	r31, r19
     e64:	90 81       	ld	r25, Z
     e66:	99 23       	and	r25, r25
     e68:	21 f0       	breq	.+8      	; 0xe72 <_ZL14ui_row_ambientjj+0xb2>
     e6a:	86 30       	cpi	r24, 0x06	; 6
     e6c:	10 f4       	brcc	.+4      	; 0xe72 <_ZL14ui_row_ambientjj+0xb2>
     e6e:	8f 5f       	subi	r24, 0xFF	; 255
     e70:	f1 cf       	rjmp	.-30     	; 0xe54 <_ZL14ui_row_ambientjj+0x94>
     e72:	8f 5f       	subi	r24, 0xFF	; 255
     e74:	e1 e0       	ldi	r30, 0x01	; 1
     e76:	f0 e0       	ldi	r31, 0x00	; 0
     e78:	ec 0f       	add	r30, r28
     e7a:	fd 1f       	adc	r31, r29
     e7c:	e2 0f       	add	r30, r18
     e7e:	f3 1f       	adc	r31, r19
     e80:	95 e2       	ldi	r25, 0x25	; 37
     e82:	90 83       	st	Z, r25
     e84:	e1 e0       	ldi	r30, 0x01	; 1
     e86:	f0 e0       	ldi	r31, 0x00	; 0
     e88:	ec 0f       	add	r30, r28
     e8a:	fd 1f       	adc	r31, r29
     e8c:	e8 0f       	add	r30, r24
     e8e:	f1 1d       	adc	r31, r1
     e90:	10 82       	st	Z, r1
     e92:	00 e0       	ldi	r16, 0x00	; 0
     e94:	10 e0       	ldi	r17, 0x00	; 0
     e96:	20 e2       	ldi	r18, 0x20	; 32
     e98:	3d ef       	ldi	r19, 0xFD	; 253
     e9a:	ae 01       	movw	r20, r28
     e9c:	4f 5f       	subi	r20, 0xFF	; 255
     e9e:	5f 4f       	sbci	r21, 0xFF	; 255
     ea0:	b6 01       	movw	r22, r12
     ea2:	86 e7       	ldi	r24, 0x76	; 118
     ea4:	90 e0       	ldi	r25, 0x00	; 0
     ea6:	0e 94 72 05 	call	0xae4	; 0xae4 <_Z16st7789_draw_textjjPKcjj>
     eaa:	b7 01       	movw	r22, r14
     eac:	65 5f       	subi	r22, 0xF5	; 245
     eae:	7f 4f       	sbci	r23, 0xFF	; 255
     eb0:	0f 2e       	mov	r0, r31
     eb2:	f0 e2       	ldi	r31, 0x20	; 32
     eb4:	af 2e       	mov	r10, r31
     eb6:	fd ef       	ldi	r31, 0xFD	; 253
     eb8:	bf 2e       	mov	r11, r31
     eba:	f0 2d       	mov	r31, r0
     ebc:	0f 2e       	mov	r0, r31
     ebe:	f0 e2       	ldi	r31, 0x20	; 32
     ec0:	cf 2e       	mov	r12, r31
     ec2:	fd eb       	ldi	r31, 0xBD	; 189
     ec4:	df 2e       	mov	r13, r31
     ec6:	f0 2d       	mov	r31, r0
     ec8:	0f 2e       	mov	r0, r31
     eca:	ee 24       	eor	r14, r14
     ecc:	ea 94       	dec	r14
     ece:	f3 e0       	ldi	r31, 0x03	; 3
     ed0:	ff 2e       	mov	r15, r31
     ed2:	f0 2d       	mov	r31, r0
     ed4:	84 01       	movw	r16, r8
     ed6:	22 e0       	ldi	r18, 0x02	; 2
     ed8:	30 e0       	ldi	r19, 0x00	; 0
     eda:	4c e2       	ldi	r20, 0x2C	; 44
     edc:	51 e0       	ldi	r21, 0x01	; 1
     ede:	8a e0       	ldi	r24, 0x0A	; 10
     ee0:	90 e0       	ldi	r25, 0x00	; 0
     ee2:	0e 94 98 04 	call	0x930	; 0x930 <_Z24st7789_draw_progress_barjjjjjjjj>
     ee6:	28 96       	adiw	r28, 0x08	; 8
     ee8:	0f b6       	in	r0, 0x3f	; 63
     eea:	f8 94       	cli
     eec:	de bf       	out	0x3e, r29	; 62
     eee:	0f be       	out	0x3f, r0	; 63
     ef0:	cd bf       	out	0x3d, r28	; 61
     ef2:	df 91       	pop	r29
     ef4:	cf 91       	pop	r28
     ef6:	1f 91       	pop	r17
     ef8:	0f 91       	pop	r16
     efa:	ff 90       	pop	r15
     efc:	ef 90       	pop	r14
     efe:	df 90       	pop	r13
     f00:	cf 90       	pop	r12
     f02:	bf 90       	pop	r11
     f04:	af 90       	pop	r10
     f06:	9f 90       	pop	r9
     f08:	8f 90       	pop	r8
     f0a:	08 95       	ret

00000f0c <_ZL10ui_row_ledjhh>:
     f0c:	cf 92       	push	r12
     f0e:	df 92       	push	r13
     f10:	ef 92       	push	r14
     f12:	ff 92       	push	r15
     f14:	0f 93       	push	r16
     f16:	1f 93       	push	r17
     f18:	cf 93       	push	r28
     f1a:	df 93       	push	r29
     f1c:	cd b7       	in	r28, 0x3d	; 61
     f1e:	de b7       	in	r29, 0x3e	; 62
     f20:	28 97       	sbiw	r28, 0x08	; 8
     f22:	0f b6       	in	r0, 0x3f	; 63
     f24:	f8 94       	cli
     f26:	de bf       	out	0x3e, r29	; 62
     f28:	0f be       	out	0x3f, r0	; 63
     f2a:	cd bf       	out	0x3d, r28	; 61
     f2c:	7c 01       	movw	r14, r24
     f2e:	c6 2e       	mov	r12, r22
     f30:	d4 2e       	mov	r13, r20
     f32:	6c e0       	ldi	r22, 0x0C	; 12
     f34:	70 e0       	ldi	r23, 0x00	; 0
     f36:	0e 94 7f 04 	call	0x8fe	; 0x8fe <_ZL13ui_clear_bandjj>
     f3a:	6c e0       	ldi	r22, 0x0C	; 12
     f3c:	70 e0       	ldi	r23, 0x00	; 0
     f3e:	c7 01       	movw	r24, r14
     f40:	0e 94 63 04 	call	0x8c6	; 0x8c6 <_ZL14ui_gutter_linejj>
     f44:	83 e0       	ldi	r24, 0x03	; 3
     f46:	e8 0e       	add	r14, r24
     f48:	f1 1c       	adc	r15, r1
     f4a:	00 e0       	ldi	r16, 0x00	; 0
     f4c:	10 e0       	ldi	r17, 0x00	; 0
     f4e:	20 ec       	ldi	r18, 0xC0	; 192
     f50:	3e ef       	ldi	r19, 0xFE	; 254
     f52:	49 e6       	ldi	r20, 0x69	; 105
     f54:	51 e0       	ldi	r21, 0x01	; 1
     f56:	b7 01       	movw	r22, r14
     f58:	8a e0       	ldi	r24, 0x0A	; 10
     f5a:	90 e0       	ldi	r25, 0x00	; 0
     f5c:	0e 94 72 05 	call	0xae4	; 0xae4 <_Z16st7789_draw_textjjPKcjj>
     f60:	cc 20       	and	r12, r12
     f62:	09 f4       	brne	.+2      	; 0xf66 <_ZL10ui_row_ledjhh+0x5a>
     f64:	55 c0       	rjmp	.+170    	; 0x1010 <_ZL10ui_row_ledjhh+0x104>
     f66:	2d 2d       	mov	r18, r13
     f68:	30 e0       	ldi	r19, 0x00	; 0
     f6a:	a4 e6       	ldi	r26, 0x64	; 100
     f6c:	b0 e0       	ldi	r27, 0x00	; 0
     f6e:	0e 94 f9 15 	call	0x2bf2	; 0x2bf2 <__umulhisi3>
     f72:	61 58       	subi	r22, 0x81	; 129
     f74:	7f 4f       	sbci	r23, 0xFF	; 255
     f76:	8f 4f       	sbci	r24, 0xFF	; 255
     f78:	9f 4f       	sbci	r25, 0xFF	; 255
     f7a:	2f ef       	ldi	r18, 0xFF	; 255
     f7c:	30 e0       	ldi	r19, 0x00	; 0
     f7e:	40 e0       	ldi	r20, 0x00	; 0
     f80:	50 e0       	ldi	r21, 0x00	; 0
     f82:	0e 94 d1 15 	call	0x2ba2	; 0x2ba2 <__udivmodsi4>
     f86:	d2 2e       	mov	r13, r18
     f88:	84 e6       	ldi	r24, 0x64	; 100
     f8a:	82 17       	cp	r24, r18
     f8c:	20 f4       	brcc	.+8      	; 0xf96 <_ZL10ui_row_ledjhh+0x8a>
     f8e:	0f 2e       	mov	r0, r31
     f90:	f4 e6       	ldi	r31, 0x64	; 100
     f92:	df 2e       	mov	r13, r31
     f94:	f0 2d       	mov	r31, r0
     f96:	00 e0       	ldi	r16, 0x00	; 0
     f98:	10 e0       	ldi	r17, 0x00	; 0
     f9a:	20 e2       	ldi	r18, 0x20	; 32
     f9c:	3d ef       	ldi	r19, 0xFD	; 253
     f9e:	47 ec       	ldi	r20, 0xC7	; 199
     fa0:	51 e0       	ldi	r21, 0x01	; 1
     fa2:	b7 01       	movw	r22, r14
     fa4:	8c e7       	ldi	r24, 0x7C	; 124
     fa6:	90 e0       	ldi	r25, 0x00	; 0
     fa8:	0e 94 72 05 	call	0xae4	; 0xae4 <_Z16st7789_draw_textjjPKcjj>
     fac:	6d 2d       	mov	r22, r13
     fae:	ce 01       	movw	r24, r28
     fb0:	01 96       	adiw	r24, 0x01	; 1
     fb2:	0e 94 f6 00 	call	0x1ec	; 0x1ec <_ZL7fmt_pctPch>
     fb6:	90 e0       	ldi	r25, 0x00	; 0
     fb8:	29 2f       	mov	r18, r25
     fba:	30 e0       	ldi	r19, 0x00	; 0
     fbc:	e1 e0       	ldi	r30, 0x01	; 1
     fbe:	f0 e0       	ldi	r31, 0x00	; 0
     fc0:	ec 0f       	add	r30, r28
     fc2:	fd 1f       	adc	r31, r29
     fc4:	e2 0f       	add	r30, r18
     fc6:	f3 1f       	adc	r31, r19
     fc8:	80 81       	ld	r24, Z
     fca:	88 23       	and	r24, r24
     fcc:	21 f0       	breq	.+8      	; 0xfd6 <_ZL10ui_row_ledjhh+0xca>
     fce:	96 30       	cpi	r25, 0x06	; 6
     fd0:	10 f4       	brcc	.+4      	; 0xfd6 <_ZL10ui_row_ledjhh+0xca>
     fd2:	9f 5f       	subi	r25, 0xFF	; 255
     fd4:	f1 cf       	rjmp	.-30     	; 0xfb8 <_ZL10ui_row_ledjhh+0xac>
     fd6:	9f 5f       	subi	r25, 0xFF	; 255
     fd8:	e1 e0       	ldi	r30, 0x01	; 1
     fda:	f0 e0       	ldi	r31, 0x00	; 0
     fdc:	ec 0f       	add	r30, r28
     fde:	fd 1f       	adc	r31, r29
     fe0:	e2 0f       	add	r30, r18
     fe2:	f3 1f       	adc	r31, r19
     fe4:	85 e2       	ldi	r24, 0x25	; 37
     fe6:	80 83       	st	Z, r24
     fe8:	e1 e0       	ldi	r30, 0x01	; 1
     fea:	f0 e0       	ldi	r31, 0x00	; 0
     fec:	ec 0f       	add	r30, r28
     fee:	fd 1f       	adc	r31, r29
     ff0:	e9 0f       	add	r30, r25
     ff2:	f1 1d       	adc	r31, r1
     ff4:	10 82       	st	Z, r1
     ff6:	00 e0       	ldi	r16, 0x00	; 0
     ff8:	10 e0       	ldi	r17, 0x00	; 0
     ffa:	2f ef       	ldi	r18, 0xFF	; 255
     ffc:	3f ef       	ldi	r19, 0xFF	; 255
     ffe:	ae 01       	movw	r20, r28
    1000:	4f 5f       	subi	r20, 0xFF	; 255
    1002:	5f 4f       	sbci	r21, 0xFF	; 255
    1004:	b7 01       	movw	r22, r14
    1006:	84 ec       	ldi	r24, 0xC4	; 196
    1008:	90 e0       	ldi	r25, 0x00	; 0
    100a:	0e 94 72 05 	call	0xae4	; 0xae4 <_Z16st7789_draw_textjjPKcjj>
    100e:	14 c0       	rjmp	.+40     	; 0x1038 <_ZL10ui_row_ledjhh+0x12c>
    1010:	00 e0       	ldi	r16, 0x00	; 0
    1012:	10 e0       	ldi	r17, 0x00	; 0
    1014:	20 ec       	ldi	r18, 0xC0	; 192
    1016:	3e ef       	ldi	r19, 0xFE	; 254
    1018:	4f e6       	ldi	r20, 0x6F	; 111
    101a:	51 e0       	ldi	r21, 0x01	; 1
    101c:	b7 01       	movw	r22, r14
    101e:	80 e6       	ldi	r24, 0x60	; 96
    1020:	90 e0       	ldi	r25, 0x00	; 0
    1022:	0e 94 72 05 	call	0xae4	; 0xae4 <_Z16st7789_draw_textjjPKcjj>
    1026:	20 ec       	ldi	r18, 0xC0	; 192
    1028:	3e ef       	ldi	r19, 0xFE	; 254
    102a:	43 e7       	ldi	r20, 0x73	; 115
    102c:	51 e0       	ldi	r21, 0x01	; 1
    102e:	b7 01       	movw	r22, r14
    1030:	84 ec       	ldi	r24, 0xC4	; 196
    1032:	90 e0       	ldi	r25, 0x00	; 0
    1034:	0e 94 72 05 	call	0xae4	; 0xae4 <_Z16st7789_draw_textjjPKcjj>
    1038:	28 96       	adiw	r28, 0x08	; 8
    103a:	0f b6       	in	r0, 0x3f	; 63
    103c:	f8 94       	cli
    103e:	de bf       	out	0x3e, r29	; 62
    1040:	0f be       	out	0x3f, r0	; 63
    1042:	cd bf       	out	0x3d, r28	; 61
    1044:	df 91       	pop	r29
    1046:	cf 91       	pop	r28
    1048:	1f 91       	pop	r17
    104a:	0f 91       	pop	r16
    104c:	ff 90       	pop	r15
    104e:	ef 90       	pop	r14
    1050:	df 90       	pop	r13
    1052:	cf 90       	pop	r12
    1054:	08 95       	ret

00001056 <_ZL20ui_row_two_col_colorjPKcS0_j>:
    1056:	af 92       	push	r10
    1058:	bf 92       	push	r11
    105a:	cf 92       	push	r12
    105c:	df 92       	push	r13
    105e:	ef 92       	push	r14
    1060:	ff 92       	push	r15
    1062:	0f 93       	push	r16
    1064:	1f 93       	push	r17
    1066:	cf 93       	push	r28
    1068:	df 93       	push	r29
    106a:	ec 01       	movw	r28, r24
    106c:	5b 01       	movw	r10, r22
    106e:	7a 01       	movw	r14, r20
    1070:	69 01       	movw	r12, r18
    1072:	6c e0       	ldi	r22, 0x0C	; 12
    1074:	70 e0       	ldi	r23, 0x00	; 0
    1076:	0e 94 7f 04 	call	0x8fe	; 0x8fe <_ZL13ui_clear_bandjj>
    107a:	6c e0       	ldi	r22, 0x0C	; 12
    107c:	70 e0       	ldi	r23, 0x00	; 0
    107e:	ce 01       	movw	r24, r28
    1080:	0e 94 63 04 	call	0x8c6	; 0x8c6 <_ZL14ui_gutter_linejj>
    1084:	23 96       	adiw	r28, 0x03	; 3
    1086:	00 e0       	ldi	r16, 0x00	; 0
    1088:	10 e0       	ldi	r17, 0x00	; 0
    108a:	20 ec       	ldi	r18, 0xC0	; 192
    108c:	3e ef       	ldi	r19, 0xFE	; 254
    108e:	a5 01       	movw	r20, r10
    1090:	be 01       	movw	r22, r28
    1092:	8a e0       	ldi	r24, 0x0A	; 10
    1094:	90 e0       	ldi	r25, 0x00	; 0
    1096:	0e 94 72 05 	call	0xae4	; 0xae4 <_Z16st7789_draw_textjjPKcjj>
    109a:	96 01       	movw	r18, r12
    109c:	a7 01       	movw	r20, r14
    109e:	be 01       	movw	r22, r28
    10a0:	86 e7       	ldi	r24, 0x76	; 118
    10a2:	90 e0       	ldi	r25, 0x00	; 0
    10a4:	0e 94 72 05 	call	0xae4	; 0xae4 <_Z16st7789_draw_textjjPKcjj>
    10a8:	df 91       	pop	r29
    10aa:	cf 91       	pop	r28
    10ac:	1f 91       	pop	r17
    10ae:	0f 91       	pop	r16
    10b0:	ff 90       	pop	r15
    10b2:	ef 90       	pop	r14
    10b4:	df 90       	pop	r13
    10b6:	cf 90       	pop	r12
    10b8:	bf 90       	pop	r11
    10ba:	af 90       	pop	r10
    10bc:	08 95       	ret

000010be <_ZL14ui_row_two_coljPKcS0_>:
    10be:	2f ef       	ldi	r18, 0xFF	; 255
    10c0:	3f ef       	ldi	r19, 0xFF	; 255
    10c2:	0e 94 2b 08 	call	0x1056	; 0x1056 <_ZL20ui_row_two_col_colorjPKcS0_j>
    10c6:	08 95       	ret

000010c8 <_Z9uart_initv>:
    10c8:	e0 ec       	ldi	r30, 0xC0	; 192
    10ca:	f0 e0       	ldi	r31, 0x00	; 0
    10cc:	80 81       	ld	r24, Z
    10ce:	82 60       	ori	r24, 0x02	; 2
    10d0:	80 83       	st	Z, r24
    10d2:	10 92 c5 00 	sts	0x00C5, r1	; 0x8000c5 <__TEXT_REGION_LENGTH__+0x7f80c5>
    10d6:	80 e1       	ldi	r24, 0x10	; 16
    10d8:	80 93 c4 00 	sts	0x00C4, r24	; 0x8000c4 <__TEXT_REGION_LENGTH__+0x7f80c4>
    10dc:	88 e9       	ldi	r24, 0x98	; 152
    10de:	80 93 c1 00 	sts	0x00C1, r24	; 0x8000c1 <__TEXT_REGION_LENGTH__+0x7f80c1>
    10e2:	86 e0       	ldi	r24, 0x06	; 6
    10e4:	80 93 c2 00 	sts	0x00C2, r24	; 0x8000c2 <__TEXT_REGION_LENGTH__+0x7f80c2>
    10e8:	08 95       	ret

000010ea <_Z18display_init_panelv>:
    10ea:	0f 93       	push	r16
    10ec:	1f 93       	push	r17
    10ee:	80 e0       	ldi	r24, 0x00	; 0
    10f0:	90 e0       	ldi	r25, 0x00	; 0
    10f2:	0e 94 1e 03 	call	0x63c	; 0x63c <_Z18st7789_fill_screenj>
    10f6:	00 e0       	ldi	r16, 0x00	; 0
    10f8:	10 e0       	ldi	r17, 0x00	; 0
    10fa:	20 ec       	ldi	r18, 0xC0	; 192
    10fc:	3e ef       	ldi	r19, 0xFE	; 254
    10fe:	46 e7       	ldi	r20, 0x76	; 118
    1100:	51 e0       	ldi	r21, 0x01	; 1
    1102:	62 e0       	ldi	r22, 0x02	; 2
    1104:	70 e0       	ldi	r23, 0x00	; 0
    1106:	8a e0       	ldi	r24, 0x0A	; 10
    1108:	90 e0       	ldi	r25, 0x00	; 0
    110a:	0e 94 24 04 	call	0x848	; 0x848 <_ZL15ui_draw_text_x2jjPKcjj>
    110e:	83 e2       	ldi	r24, 0x23	; 35
    1110:	90 e0       	ldi	r25, 0x00	; 0
    1112:	0e 94 50 04 	call	0x8a0	; 0x8a0 <_ZL8ui_hrulej>
    1116:	1f 91       	pop	r17
    1118:	0f 91       	pop	r16
    111a:	08 95       	ret

0000111c <_Z25display_draw_image_footerv>:
    111c:	0f 93       	push	r16
    111e:	1f 93       	push	r17
    1120:	cf 93       	push	r28
    1122:	df 93       	push	r29
    1124:	cd b7       	in	r28, 0x3d	; 61
    1126:	de b7       	in	r29, 0x3e	; 62
    1128:	c7 54       	subi	r28, 0x47	; 71
    112a:	d1 09       	sbc	r29, r1
    112c:	0f b6       	in	r0, 0x3f	; 63
    112e:	f8 94       	cli
    1130:	de bf       	out	0x3e, r29	; 62
    1132:	0f be       	out	0x3f, r0	; 63
    1134:	cd bf       	out	0x3d, r28	; 61
    1136:	8c e4       	ldi	r24, 0x4C	; 76
    1138:	90 e0       	ldi	r25, 0x00	; 0
    113a:	99 a7       	std	Y+41, r25	; 0x29
    113c:	88 a7       	std	Y+40, r24	; 0x28
    113e:	00 e0       	ldi	r16, 0x00	; 0
    1140:	10 e0       	ldi	r17, 0x00	; 0
    1142:	2e e5       	ldi	r18, 0x5E	; 94
    1144:	30 e0       	ldi	r19, 0x00	; 0
    1146:	40 e4       	ldi	r20, 0x40	; 64
    1148:	51 e0       	ldi	r21, 0x01	; 1
    114a:	6c e4       	ldi	r22, 0x4C	; 76
    114c:	70 e0       	ldi	r23, 0x00	; 0
    114e:	80 e0       	ldi	r24, 0x00	; 0
    1150:	90 e0       	ldi	r25, 0x00	; 0
    1152:	0e 94 58 03 	call	0x6b0	; 0x6b0 <_Z16st7789_fill_rectjjjjj>
    1156:	8c e4       	ldi	r24, 0x4C	; 76
    1158:	90 e0       	ldi	r25, 0x00	; 0
    115a:	0e 94 50 04 	call	0x8a0	; 0x8a0 <_ZL8ui_hrulej>
    115e:	8e e4       	ldi	r24, 0x4E	; 78
    1160:	90 e0       	ldi	r25, 0x00	; 0
    1162:	99 a7       	std	Y+41, r25	; 0x29
    1164:	88 a7       	std	Y+40, r24	; 0x28
    1166:	80 91 29 01 	lds	r24, 0x0129	; 0x800129 <display_profile>
    116a:	88 23       	and	r24, r24
    116c:	19 f0       	breq	.+6      	; 0x1174 <_Z25display_draw_image_footerv+0x58>
    116e:	89 e2       	ldi	r24, 0x29	; 41
    1170:	91 e0       	ldi	r25, 0x01	; 1
    1172:	02 c0       	rjmp	.+4      	; 0x1178 <_Z25display_draw_image_footerv+0x5c>
    1174:	8e e7       	ldi	r24, 0x7E	; 126
    1176:	91 e0       	ldi	r25, 0x01	; 1
    1178:	41 e1       	ldi	r20, 0x11	; 17
    117a:	be 01       	movw	r22, r28
    117c:	6f 5f       	subi	r22, 0xFF	; 255
    117e:	7f 4f       	sbci	r23, 0xFF	; 255
    1180:	0e 94 60 01 	call	0x2c0	; 0x2c0 <_ZL12to_upper_strPKcPch>
    1184:	2f ef       	ldi	r18, 0xFF	; 255
    1186:	3f ef       	ldi	r19, 0xFF	; 255
    1188:	ae 01       	movw	r20, r28
    118a:	4f 5f       	subi	r20, 0xFF	; 255
    118c:	5f 4f       	sbci	r21, 0xFF	; 255
    118e:	6d ea       	ldi	r22, 0xAD	; 173
    1190:	71 e0       	ldi	r23, 0x01	; 1
    1192:	ce 01       	movw	r24, r28
    1194:	88 96       	adiw	r24, 0x28	; 40
    1196:	0e 94 9e 05 	call	0xb3c	; 0xb3c <_ZL20footer_paint_img_rowPjPKcS1_j>
    119a:	64 eb       	ldi	r22, 0xB4	; 180
    119c:	71 e0       	ldi	r23, 0x01	; 1
    119e:	89 e1       	ldi	r24, 0x19	; 25
    11a0:	91 e0       	ldi	r25, 0x01	; 1
    11a2:	0e 94 11 16 	call	0x2c22	; 0x2c22 <strcmp>
    11a6:	89 2b       	or	r24, r25
    11a8:	69 f0       	breq	.+26     	; 0x11c4 <_Z25display_draw_image_footerv+0xa8>
    11aa:	68 eb       	ldi	r22, 0xB8	; 184
    11ac:	71 e0       	ldi	r23, 0x01	; 1
    11ae:	89 e1       	ldi	r24, 0x19	; 25
    11b0:	91 e0       	ldi	r25, 0x01	; 1
    11b2:	0e 94 11 16 	call	0x2c22	; 0x2c22 <strcmp>
    11b6:	89 2b       	or	r24, r25
    11b8:	51 f0       	breq	.+20     	; 0x11ce <_Z25display_draw_image_footerv+0xb2>
    11ba:	27 ef       	ldi	r18, 0xF7	; 247
    11bc:	3d eb       	ldi	r19, 0xBD	; 189
    11be:	4b e8       	ldi	r20, 0x8B	; 139
    11c0:	51 e0       	ldi	r21, 0x01	; 1
    11c2:	09 c0       	rjmp	.+18     	; 0x11d6 <_Z25display_draw_image_footerv+0xba>
    11c4:	20 ef       	ldi	r18, 0xF0	; 240
    11c6:	37 e0       	ldi	r19, 0x07	; 7
    11c8:	47 e8       	ldi	r20, 0x87	; 135
    11ca:	51 e0       	ldi	r21, 0x01	; 1
    11cc:	04 c0       	rjmp	.+8      	; 0x11d6 <_Z25display_draw_image_footerv+0xba>
    11ce:	2f ed       	ldi	r18, 0xDF	; 223
    11d0:	3d e4       	ldi	r19, 0x4D	; 77
    11d2:	40 e9       	ldi	r20, 0x90	; 144
    11d4:	51 e0       	ldi	r21, 0x01	; 1
    11d6:	62 ec       	ldi	r22, 0xC2	; 194
    11d8:	71 e0       	ldi	r23, 0x01	; 1
    11da:	ce 01       	movw	r24, r28
    11dc:	88 96       	adiw	r24, 0x28	; 40
    11de:	0e 94 9e 05 	call	0xb3c	; 0xb3c <_ZL20footer_paint_img_rowPjPKcS1_j>
    11e2:	80 91 0d 05 	lds	r24, 0x050D	; 0x80050d <display_connected_device>
    11e6:	81 11       	cpse	r24, r1
    11e8:	0b c0       	rjmp	.+22     	; 0x1200 <_Z25display_draw_image_footerv+0xe4>
    11ea:	68 eb       	ldi	r22, 0xB8	; 184
    11ec:	71 e0       	ldi	r23, 0x01	; 1
    11ee:	89 e1       	ldi	r24, 0x19	; 25
    11f0:	91 e0       	ldi	r25, 0x01	; 1
    11f2:	0e 94 11 16 	call	0x2c22	; 0x2c22 <strcmp>
    11f6:	89 2b       	or	r24, r25
    11f8:	31 f4       	brne	.+12     	; 0x1206 <_Z25display_draw_image_footerv+0xea>
    11fa:	82 ea       	ldi	r24, 0xA2	; 162
    11fc:	91 e0       	ldi	r25, 0x01	; 1
    11fe:	05 c0       	rjmp	.+10     	; 0x120a <_Z25display_draw_image_footerv+0xee>
    1200:	8d e0       	ldi	r24, 0x0D	; 13
    1202:	95 e0       	ldi	r25, 0x05	; 5
    1204:	02 c0       	rjmp	.+4      	; 0x120a <_Z25display_draw_image_footerv+0xee>
    1206:	8a e9       	ldi	r24, 0x9A	; 154
    1208:	91 e0       	ldi	r25, 0x01	; 1
    120a:	41 e1       	ldi	r20, 0x11	; 17
    120c:	be 01       	movw	r22, r28
    120e:	6f 5f       	subi	r22, 0xFF	; 255
    1210:	7f 4f       	sbci	r23, 0xFF	; 255
    1212:	0e 94 60 01 	call	0x2c0	; 0x2c0 <_ZL12to_upper_strPKcPch>
    1216:	2f ef       	ldi	r18, 0xFF	; 255
    1218:	3f ef       	ldi	r19, 0xFF	; 255
    121a:	ae 01       	movw	r20, r28
    121c:	4f 5f       	subi	r20, 0xFF	; 255
    121e:	5f 4f       	sbci	r21, 0xFF	; 255
    1220:	6a ec       	ldi	r22, 0xCA	; 202
    1222:	71 e0       	ldi	r23, 0x01	; 1
    1224:	ce 01       	movw	r24, r28
    1226:	88 96       	adiw	r24, 0x28	; 40
    1228:	0e 94 9e 05 	call	0xb3c	; 0xb3c <_ZL20footer_paint_img_rowPjPKcS1_j>
    122c:	80 91 2d 05 	lds	r24, 0x052D	; 0x80052d <display_last_key>
    1230:	88 23       	and	r24, r24
    1232:	19 f0       	breq	.+6      	; 0x123a <_Z25display_draw_image_footerv+0x11e>
    1234:	8d e2       	ldi	r24, 0x2D	; 45
    1236:	95 e0       	ldi	r25, 0x05	; 5
    1238:	02 c0       	rjmp	.+4      	; 0x123e <_Z25display_draw_image_footerv+0x122>
    123a:	8b ea       	ldi	r24, 0xAB	; 171
    123c:	91 e0       	ldi	r25, 0x01	; 1
    123e:	41 e1       	ldi	r20, 0x11	; 17
    1240:	be 01       	movw	r22, r28
    1242:	6f 5f       	subi	r22, 0xFF	; 255
    1244:	7f 4f       	sbci	r23, 0xFF	; 255
    1246:	0e 94 60 01 	call	0x2c0	; 0x2c0 <_ZL12to_upper_strPKcPch>
    124a:	2f ef       	ldi	r18, 0xFF	; 255
    124c:	3f ef       	ldi	r19, 0xFF	; 255
    124e:	ae 01       	movw	r20, r28
    1250:	4f 5f       	subi	r20, 0xFF	; 255
    1252:	5f 4f       	sbci	r21, 0xFF	; 255
    1254:	6f ec       	ldi	r22, 0xCF	; 207
    1256:	71 e0       	ldi	r23, 0x01	; 1
    1258:	ce 01       	movw	r24, r28
    125a:	88 96       	adiw	r24, 0x28	; 40
    125c:	0e 94 9e 05 	call	0xb3c	; 0xb3c <_ZL20footer_paint_img_rowPjPKcS1_j>
    1260:	40 91 3e 05 	lds	r20, 0x053E	; 0x80053e <display_keys_count>
    1264:	66 e1       	ldi	r22, 0x16	; 22
    1266:	ce 01       	movw	r24, r28
    1268:	42 96       	adiw	r24, 0x12	; 18
    126a:	0e 94 81 01 	call	0x302	; 0x302 <_ZL24footer_keys_compact_linePchh>
    126e:	2f ef       	ldi	r18, 0xFF	; 255
    1270:	3f ef       	ldi	r19, 0xFF	; 255
    1272:	ae 01       	movw	r20, r28
    1274:	4e 5e       	subi	r20, 0xEE	; 238
    1276:	5f 4f       	sbci	r21, 0xFF	; 255
    1278:	69 e5       	ldi	r22, 0x59	; 89
    127a:	71 e0       	ldi	r23, 0x01	; 1
    127c:	ce 01       	movw	r24, r28
    127e:	88 96       	adiw	r24, 0x28	; 40
    1280:	0e 94 9e 05 	call	0xb3c	; 0xb3c <_ZL20footer_paint_img_rowPjPKcS1_j>
    1284:	20 91 4b 05 	lds	r18, 0x054B	; 0x80054b <light_level>
    1288:	30 91 4c 05 	lds	r19, 0x054C	; 0x80054c <light_level+0x1>
    128c:	21 15       	cp	r18, r1
    128e:	84 e0       	ldi	r24, 0x04	; 4
    1290:	38 07       	cpc	r19, r24
    1292:	10 f0       	brcs	.+4      	; 0x1298 <_Z25display_draw_image_footerv+0x17c>
    1294:	2f ef       	ldi	r18, 0xFF	; 255
    1296:	33 e0       	ldi	r19, 0x03	; 3
    1298:	a4 e6       	ldi	r26, 0x64	; 100
    129a:	b0 e0       	ldi	r27, 0x00	; 0
    129c:	0e 94 f9 15 	call	0x2bf2	; 0x2bf2 <__umulhisi3>
    12a0:	2f ef       	ldi	r18, 0xFF	; 255
    12a2:	33 e0       	ldi	r19, 0x03	; 3
    12a4:	40 e0       	ldi	r20, 0x00	; 0
    12a6:	50 e0       	ldi	r21, 0x00	; 0
    12a8:	0e 94 d1 15 	call	0x2ba2	; 0x2ba2 <__udivmodsi4>
    12ac:	62 2f       	mov	r22, r18
    12ae:	ce 01       	movw	r24, r28
    12b0:	8a 96       	adiw	r24, 0x2a	; 42
    12b2:	0e 94 f6 00 	call	0x1ec	; 0x1ec <_ZL7fmt_pctPch>
    12b6:	80 e0       	ldi	r24, 0x00	; 0
    12b8:	28 2f       	mov	r18, r24
    12ba:	30 e0       	ldi	r19, 0x00	; 0
    12bc:	ea e2       	ldi	r30, 0x2A	; 42
    12be:	f0 e0       	ldi	r31, 0x00	; 0
    12c0:	ec 0f       	add	r30, r28
    12c2:	fd 1f       	adc	r31, r29
    12c4:	e2 0f       	add	r30, r18
    12c6:	f3 1f       	adc	r31, r19
    12c8:	90 81       	ld	r25, Z
    12ca:	99 23       	and	r25, r25
    12cc:	21 f0       	breq	.+8      	; 0x12d6 <_Z25display_draw_image_footerv+0x1ba>
    12ce:	86 30       	cpi	r24, 0x06	; 6
    12d0:	10 f4       	brcc	.+4      	; 0x12d6 <_Z25display_draw_image_footerv+0x1ba>
    12d2:	8f 5f       	subi	r24, 0xFF	; 255
    12d4:	f1 cf       	rjmp	.-30     	; 0x12b8 <_Z25display_draw_image_footerv+0x19c>
    12d6:	8f 5f       	subi	r24, 0xFF	; 255
    12d8:	ea e2       	ldi	r30, 0x2A	; 42
    12da:	f0 e0       	ldi	r31, 0x00	; 0
    12dc:	ec 0f       	add	r30, r28
    12de:	fd 1f       	adc	r31, r29
    12e0:	e2 0f       	add	r30, r18
    12e2:	f3 1f       	adc	r31, r19
    12e4:	95 e2       	ldi	r25, 0x25	; 37
    12e6:	90 83       	st	Z, r25
    12e8:	ea e2       	ldi	r30, 0x2A	; 42
    12ea:	f0 e0       	ldi	r31, 0x00	; 0
    12ec:	ec 0f       	add	r30, r28
    12ee:	fd 1f       	adc	r31, r29
    12f0:	e8 0f       	add	r30, r24
    12f2:	f1 1d       	adc	r31, r1
    12f4:	10 82       	st	Z, r1
    12f6:	20 e2       	ldi	r18, 0x20	; 32
    12f8:	3d ef       	ldi	r19, 0xFD	; 253
    12fa:	ae 01       	movw	r20, r28
    12fc:	46 5d       	subi	r20, 0xD6	; 214
    12fe:	5f 4f       	sbci	r21, 0xFF	; 255
    1300:	61 e6       	ldi	r22, 0x61	; 97
    1302:	71 e0       	ldi	r23, 0x01	; 1
    1304:	ce 01       	movw	r24, r28
    1306:	88 96       	adiw	r24, 0x28	; 40
    1308:	0e 94 9e 05 	call	0xb3c	; 0xb3c <_ZL20footer_paint_img_rowPjPKcS1_j>
    130c:	80 91 3d 05 	lds	r24, 0x053D	; 0x80053d <display_backlight_enabled>
    1310:	88 23       	and	r24, r24
    1312:	11 f0       	breq	.+4      	; 0x1318 <_Z25display_draw_image_footerv+0x1fc>
    1314:	81 e0       	ldi	r24, 0x01	; 1
    1316:	01 c0       	rjmp	.+2      	; 0x131a <_Z25display_draw_image_footerv+0x1fe>
    1318:	80 e0       	ldi	r24, 0x00	; 0
    131a:	20 91 0c 05 	lds	r18, 0x050C	; 0x80050c <display_backlight_brightness>
    131e:	88 23       	and	r24, r24
    1320:	09 f4       	brne	.+2      	; 0x1324 <_Z25display_draw_image_footerv+0x208>
    1322:	43 c0       	rjmp	.+134    	; 0x13aa <_Z25display_draw_image_footerv+0x28e>
    1324:	30 e0       	ldi	r19, 0x00	; 0
    1326:	a4 e6       	ldi	r26, 0x64	; 100
    1328:	b0 e0       	ldi	r27, 0x00	; 0
    132a:	0e 94 f9 15 	call	0x2bf2	; 0x2bf2 <__umulhisi3>
    132e:	61 58       	subi	r22, 0x81	; 129
    1330:	7f 4f       	sbci	r23, 0xFF	; 255
    1332:	8f 4f       	sbci	r24, 0xFF	; 255
    1334:	9f 4f       	sbci	r25, 0xFF	; 255
    1336:	2f ef       	ldi	r18, 0xFF	; 255
    1338:	30 e0       	ldi	r19, 0x00	; 0
    133a:	40 e0       	ldi	r20, 0x00	; 0
    133c:	50 e0       	ldi	r21, 0x00	; 0
    133e:	0e 94 d1 15 	call	0x2ba2	; 0x2ba2 <__udivmodsi4>
    1342:	62 2f       	mov	r22, r18
    1344:	25 36       	cpi	r18, 0x65	; 101
    1346:	08 f0       	brcs	.+2      	; 0x134a <_Z25display_draw_image_footerv+0x22e>
    1348:	64 e6       	ldi	r22, 0x64	; 100
    134a:	ce 01       	movw	r24, r28
    134c:	8e 5b       	subi	r24, 0xBE	; 190
    134e:	9f 4f       	sbci	r25, 0xFF	; 255
    1350:	0e 94 f6 00 	call	0x1ec	; 0x1ec <_ZL7fmt_pctPch>
    1354:	8f e4       	ldi	r24, 0x4F	; 79
    1356:	8a ab       	std	Y+50, r24	; 0x32
    1358:	8e e4       	ldi	r24, 0x4E	; 78
    135a:	8b ab       	std	Y+51, r24	; 0x33
    135c:	80 e2       	ldi	r24, 0x20	; 32
    135e:	8c ab       	std	Y+52, r24	; 0x34
    1360:	de 01       	movw	r26, r28
    1362:	ae 5b       	subi	r26, 0xBE	; 190
    1364:	bf 4f       	sbci	r27, 0xFF	; 255
    1366:	83 e0       	ldi	r24, 0x03	; 3
    1368:	9c 91       	ld	r25, X
    136a:	99 23       	and	r25, r25
    136c:	61 f0       	breq	.+24     	; 0x1386 <_Z25display_draw_image_footerv+0x26a>
    136e:	8e 30       	cpi	r24, 0x0E	; 14
    1370:	50 f4       	brcc	.+20     	; 0x1386 <_Z25display_draw_image_footerv+0x26a>
    1372:	11 96       	adiw	r26, 0x01	; 1
    1374:	e2 e3       	ldi	r30, 0x32	; 50
    1376:	f0 e0       	ldi	r31, 0x00	; 0
    1378:	ec 0f       	add	r30, r28
    137a:	fd 1f       	adc	r31, r29
    137c:	e8 0f       	add	r30, r24
    137e:	f1 1d       	adc	r31, r1
    1380:	90 83       	st	Z, r25
    1382:	8f 5f       	subi	r24, 0xFF	; 255
    1384:	f1 cf       	rjmp	.-30     	; 0x1368 <_Z25display_draw_image_footerv+0x24c>
    1386:	91 e0       	ldi	r25, 0x01	; 1
    1388:	98 0f       	add	r25, r24
    138a:	e2 e3       	ldi	r30, 0x32	; 50
    138c:	f0 e0       	ldi	r31, 0x00	; 0
    138e:	ec 0f       	add	r30, r28
    1390:	fd 1f       	adc	r31, r29
    1392:	e8 0f       	add	r30, r24
    1394:	f1 1d       	adc	r31, r1
    1396:	85 e2       	ldi	r24, 0x25	; 37
    1398:	80 83       	st	Z, r24
    139a:	e2 e3       	ldi	r30, 0x32	; 50
    139c:	f0 e0       	ldi	r31, 0x00	; 0
    139e:	ec 0f       	add	r30, r28
    13a0:	fd 1f       	adc	r31, r29
    13a2:	e9 0f       	add	r30, r25
    13a4:	f1 1d       	adc	r31, r1
    13a6:	10 82       	st	Z, r1
    13a8:	06 c0       	rjmp	.+12     	; 0x13b6 <_Z25display_draw_image_footerv+0x29a>
    13aa:	8f e4       	ldi	r24, 0x4F	; 79
    13ac:	8a ab       	std	Y+50, r24	; 0x32
    13ae:	86 e4       	ldi	r24, 0x46	; 70
    13b0:	8b ab       	std	Y+51, r24	; 0x33
    13b2:	8c ab       	std	Y+52, r24	; 0x34
    13b4:	1d aa       	std	Y+53, r1	; 0x35
    13b6:	2f ef       	ldi	r18, 0xFF	; 255
    13b8:	3f ef       	ldi	r19, 0xFF	; 255
    13ba:	ae 01       	movw	r20, r28
    13bc:	4e 5c       	subi	r20, 0xCE	; 206
    13be:	5f 4f       	sbci	r21, 0xFF	; 255
    13c0:	69 e6       	ldi	r22, 0x69	; 105
    13c2:	71 e0       	ldi	r23, 0x01	; 1
    13c4:	ce 01       	movw	r24, r28
    13c6:	88 96       	adiw	r24, 0x28	; 40
    13c8:	0e 94 9e 05 	call	0xb3c	; 0xb3c <_ZL20footer_paint_img_rowPjPKcS1_j>
    13cc:	80 91 ec 04 	lds	r24, 0x04EC	; 0x8004ec <display_custom1>
    13d0:	88 23       	and	r24, r24
    13d2:	99 f0       	breq	.+38     	; 0x13fa <_Z25display_draw_image_footerv+0x2de>
    13d4:	41 e1       	ldi	r20, 0x11	; 17
    13d6:	be 01       	movw	r22, r28
    13d8:	6f 5f       	subi	r22, 0xFF	; 255
    13da:	7f 4f       	sbci	r23, 0xFF	; 255
    13dc:	8c ee       	ldi	r24, 0xEC	; 236
    13de:	94 e0       	ldi	r25, 0x04	; 4
    13e0:	0e 94 60 01 	call	0x2c0	; 0x2c0 <_ZL12to_upper_strPKcPch>
    13e4:	2f ef       	ldi	r18, 0xFF	; 255
    13e6:	3f ef       	ldi	r19, 0xFF	; 255
    13e8:	ae 01       	movw	r20, r28
    13ea:	4f 5f       	subi	r20, 0xFF	; 255
    13ec:	5f 4f       	sbci	r21, 0xFF	; 255
    13ee:	66 ed       	ldi	r22, 0xD6	; 214
    13f0:	71 e0       	ldi	r23, 0x01	; 1
    13f2:	ce 01       	movw	r24, r28
    13f4:	88 96       	adiw	r24, 0x28	; 40
    13f6:	0e 94 9e 05 	call	0xb3c	; 0xb3c <_ZL20footer_paint_img_rowPjPKcS1_j>
    13fa:	80 91 cc 04 	lds	r24, 0x04CC	; 0x8004cc <display_custom2>
    13fe:	88 23       	and	r24, r24
    1400:	99 f0       	breq	.+38     	; 0x1428 <_Z25display_draw_image_footerv+0x30c>
    1402:	41 e1       	ldi	r20, 0x11	; 17
    1404:	be 01       	movw	r22, r28
    1406:	6f 5f       	subi	r22, 0xFF	; 255
    1408:	7f 4f       	sbci	r23, 0xFF	; 255
    140a:	8c ec       	ldi	r24, 0xCC	; 204
    140c:	94 e0       	ldi	r25, 0x04	; 4
    140e:	0e 94 60 01 	call	0x2c0	; 0x2c0 <_ZL12to_upper_strPKcPch>
    1412:	2f ef       	ldi	r18, 0xFF	; 255
    1414:	3f ef       	ldi	r19, 0xFF	; 255
    1416:	ae 01       	movw	r20, r28
    1418:	4f 5f       	subi	r20, 0xFF	; 255
    141a:	5f 4f       	sbci	r21, 0xFF	; 255
    141c:	6a ed       	ldi	r22, 0xDA	; 218
    141e:	71 e0       	ldi	r23, 0x01	; 1
    1420:	ce 01       	movw	r24, r28
    1422:	88 96       	adiw	r24, 0x28	; 40
    1424:	0e 94 9e 05 	call	0xb3c	; 0xb3c <_ZL20footer_paint_img_rowPjPKcS1_j>
    1428:	c9 5b       	subi	r28, 0xB9	; 185
    142a:	df 4f       	sbci	r29, 0xFF	; 255
    142c:	0f b6       	in	r0, 0x3f	; 63
    142e:	f8 94       	cli
    1430:	de bf       	out	0x3e, r29	; 62
    1432:	0f be       	out	0x3f, r0	; 63
    1434:	cd bf       	out	0x3d, r28	; 61
    1436:	df 91       	pop	r29
    1438:	cf 91       	pop	r28
    143a:	1f 91       	pop	r17
    143c:	0f 91       	pop	r16
    143e:	08 95       	ret

00001440 <_Z22display_update_partialh>:
    1440:	cf 92       	push	r12
    1442:	df 92       	push	r13
    1444:	ef 92       	push	r14
    1446:	ff 92       	push	r15
    1448:	1f 93       	push	r17
    144a:	cf 93       	push	r28
    144c:	df 93       	push	r29
    144e:	cd b7       	in	r28, 0x3d	; 61
    1450:	de b7       	in	r29, 0x3e	; 62
    1452:	61 97       	sbiw	r28, 0x11	; 17
    1454:	0f b6       	in	r0, 0x3f	; 63
    1456:	f8 94       	cli
    1458:	de bf       	out	0x3e, r29	; 62
    145a:	0f be       	out	0x3f, r0	; 63
    145c:	cd bf       	out	0x3d, r28	; 61
    145e:	90 91 3f 05 	lds	r25, 0x053F	; 0x80053f <image_receiving>
    1462:	91 11       	cpse	r25, r1
    1464:	cc c1       	rjmp	.+920    	; 0x17fe <_Z22display_update_partialh+0x3be>
    1466:	18 2f       	mov	r17, r24
    1468:	6e ed       	ldi	r22, 0xDE	; 222
    146a:	71 e0       	ldi	r23, 0x01	; 1
    146c:	89 e4       	ldi	r24, 0x49	; 73
    146e:	91 e0       	ldi	r25, 0x01	; 1
    1470:	0e 94 11 16 	call	0x2c22	; 0x2c22 <strcmp>
    1474:	89 2b       	or	r24, r25
    1476:	09 f4       	brne	.+2      	; 0x147a <_Z22display_update_partialh+0x3a>
    1478:	c2 c1       	rjmp	.+900    	; 0x17fe <_Z22display_update_partialh+0x3be>
    147a:	64 ee       	ldi	r22, 0xE4	; 228
    147c:	71 e0       	ldi	r23, 0x01	; 1
    147e:	89 e4       	ldi	r24, 0x49	; 73
    1480:	91 e0       	ldi	r25, 0x01	; 1
    1482:	0e 94 11 16 	call	0x2c22	; 0x2c22 <strcmp>
    1486:	89 2b       	or	r24, r25
    1488:	09 f4       	brne	.+2      	; 0x148c <_Z22display_update_partialh+0x4c>
    148a:	b9 c1       	rjmp	.+882    	; 0x17fe <_Z22display_update_partialh+0x3be>
    148c:	80 91 c9 04 	lds	r24, 0x04C9	; 0x8004c9 <display_force_ui_reset>
    1490:	88 23       	and	r24, r24
    1492:	e9 f0       	breq	.+58     	; 0x14ce <_Z22display_update_partialh+0x8e>
    1494:	10 92 c2 04 	sts	0x04C2, r1	; 0x8004c2 <_ZZ22display_update_partialhE11panel_drawn>
    1498:	10 92 a2 04 	sts	0x04A2, r1	; 0x8004a2 <_ZZ22display_update_partialhE12prev_profile>
    149c:	10 92 92 04 	sts	0x0492, r1	; 0x800492 <_ZZ22display_update_partialhE16prev_output_mode>
    14a0:	10 92 72 04 	sts	0x0472, r1	; 0x800472 <_ZZ22display_update_partialhE21prev_connected_device>
    14a4:	10 92 62 04 	sts	0x0462, r1	; 0x800462 <_ZZ22display_update_partialhE13prev_last_key>
    14a8:	8f ef       	ldi	r24, 0xFF	; 255
    14aa:	80 93 14 01 	sts	0x0114, r24	; 0x800114 <_ZZ22display_update_partialhE15prev_keys_count>
    14ae:	80 93 13 01 	sts	0x0113, r24	; 0x800113 <_ZZ22display_update_partialhE22prev_backlight_enabled>
    14b2:	80 93 12 01 	sts	0x0112, r24	; 0x800112 <_ZZ22display_update_partialhE18prev_backlight_pwm>
    14b6:	8f ef       	ldi	r24, 0xFF	; 255
    14b8:	9f ef       	ldi	r25, 0xFF	; 255
    14ba:	90 93 11 01 	sts	0x0111, r25	; 0x800111 <_ZZ22display_update_partialhE16prev_light_level+0x1>
    14be:	80 93 10 01 	sts	0x0110, r24	; 0x800110 <_ZZ22display_update_partialhE16prev_light_level>
    14c2:	10 92 42 04 	sts	0x0442, r1	; 0x800442 <_ZZ22display_update_partialhE7prev_c1>
    14c6:	10 92 22 04 	sts	0x0422, r1	; 0x800422 <__data_end>
    14ca:	10 92 c9 04 	sts	0x04C9, r1	; 0x8004c9 <display_force_ui_reset>
    14ce:	80 91 c2 04 	lds	r24, 0x04C2	; 0x8004c2 <_ZZ22display_update_partialhE11panel_drawn>
    14d2:	81 11       	cpse	r24, r1
    14d4:	05 c0       	rjmp	.+10     	; 0x14e0 <_Z22display_update_partialh+0xa0>
    14d6:	0e 94 75 08 	call	0x10ea	; 0x10ea <_Z18display_init_panelv>
    14da:	81 e0       	ldi	r24, 0x01	; 1
    14dc:	80 93 c2 04 	sts	0x04C2, r24	; 0x8004c2 <_ZZ22display_update_partialhE11panel_drawn>
    14e0:	80 91 29 01 	lds	r24, 0x0129	; 0x800129 <display_profile>
    14e4:	88 23       	and	r24, r24
    14e6:	39 f0       	breq	.+14     	; 0x14f6 <_Z22display_update_partialh+0xb6>
    14e8:	0f 2e       	mov	r0, r31
    14ea:	f9 e2       	ldi	r31, 0x29	; 41
    14ec:	ef 2e       	mov	r14, r31
    14ee:	f1 e0       	ldi	r31, 0x01	; 1
    14f0:	ff 2e       	mov	r15, r31
    14f2:	f0 2d       	mov	r31, r0
    14f4:	06 c0       	rjmp	.+12     	; 0x1502 <_Z22display_update_partialh+0xc2>
    14f6:	0f 2e       	mov	r0, r31
    14f8:	fe e7       	ldi	r31, 0x7E	; 126
    14fa:	ef 2e       	mov	r14, r31
    14fc:	f1 e0       	ldi	r31, 0x01	; 1
    14fe:	ff 2e       	mov	r15, r31
    1500:	f0 2d       	mov	r31, r0
    1502:	62 ea       	ldi	r22, 0xA2	; 162
    1504:	74 e0       	ldi	r23, 0x04	; 4
    1506:	c7 01       	movw	r24, r14
    1508:	0e 94 11 16 	call	0x2c22	; 0x2c22 <strcmp>
    150c:	89 2b       	or	r24, r25
    150e:	c9 f0       	breq	.+50     	; 0x1542 <_Z22display_update_partialh+0x102>
    1510:	4f e1       	ldi	r20, 0x1F	; 31
    1512:	50 e0       	ldi	r21, 0x00	; 0
    1514:	b7 01       	movw	r22, r14
    1516:	82 ea       	ldi	r24, 0xA2	; 162
    1518:	94 e0       	ldi	r25, 0x04	; 4
    151a:	0e 94 1a 16 	call	0x2c34	; 0x2c34 <strncpy>
    151e:	10 92 c1 04 	sts	0x04C1, r1	; 0x8004c1 <_ZZ22display_update_partialhE12prev_profile+0x1f>
    1522:	41 e1       	ldi	r20, 0x11	; 17
    1524:	be 01       	movw	r22, r28
    1526:	6f 5f       	subi	r22, 0xFF	; 255
    1528:	7f 4f       	sbci	r23, 0xFF	; 255
    152a:	c7 01       	movw	r24, r14
    152c:	0e 94 60 01 	call	0x2c0	; 0x2c0 <_ZL12to_upper_strPKcPch>
    1530:	ae 01       	movw	r20, r28
    1532:	4f 5f       	subi	r20, 0xFF	; 255
    1534:	5f 4f       	sbci	r21, 0xFF	; 255
    1536:	6d ea       	ldi	r22, 0xAD	; 173
    1538:	71 e0       	ldi	r23, 0x01	; 1
    153a:	86 e2       	ldi	r24, 0x26	; 38
    153c:	90 e0       	ldi	r25, 0x00	; 0
    153e:	0e 94 5f 08 	call	0x10be	; 0x10be <_ZL14ui_row_two_coljPKcS0_>
    1542:	64 eb       	ldi	r22, 0xB4	; 180
    1544:	71 e0       	ldi	r23, 0x01	; 1
    1546:	89 e1       	ldi	r24, 0x19	; 25
    1548:	91 e0       	ldi	r25, 0x01	; 1
    154a:	0e 94 11 16 	call	0x2c22	; 0x2c22 <strcmp>
    154e:	89 2b       	or	r24, r25
    1550:	a9 f0       	breq	.+42     	; 0x157c <_Z22display_update_partialh+0x13c>
    1552:	68 eb       	ldi	r22, 0xB8	; 184
    1554:	71 e0       	ldi	r23, 0x01	; 1
    1556:	89 e1       	ldi	r24, 0x19	; 25
    1558:	91 e0       	ldi	r25, 0x01	; 1
    155a:	0e 94 11 16 	call	0x2c22	; 0x2c22 <strcmp>
    155e:	89 2b       	or	r24, r25
    1560:	d1 f0       	breq	.+52     	; 0x1596 <_Z22display_update_partialh+0x156>
    1562:	0f 2e       	mov	r0, r31
    1564:	f7 ef       	ldi	r31, 0xF7	; 247
    1566:	cf 2e       	mov	r12, r31
    1568:	fd eb       	ldi	r31, 0xBD	; 189
    156a:	df 2e       	mov	r13, r31
    156c:	f0 2d       	mov	r31, r0
    156e:	0f 2e       	mov	r0, r31
    1570:	fb e8       	ldi	r31, 0x8B	; 139
    1572:	ef 2e       	mov	r14, r31
    1574:	f1 e0       	ldi	r31, 0x01	; 1
    1576:	ff 2e       	mov	r15, r31
    1578:	f0 2d       	mov	r31, r0
    157a:	19 c0       	rjmp	.+50     	; 0x15ae <_Z22display_update_partialh+0x16e>
    157c:	0f 2e       	mov	r0, r31
    157e:	f0 ef       	ldi	r31, 0xF0	; 240
    1580:	cf 2e       	mov	r12, r31
    1582:	f7 e0       	ldi	r31, 0x07	; 7
    1584:	df 2e       	mov	r13, r31
    1586:	f0 2d       	mov	r31, r0
    1588:	0f 2e       	mov	r0, r31
    158a:	f7 e8       	ldi	r31, 0x87	; 135
    158c:	ef 2e       	mov	r14, r31
    158e:	f1 e0       	ldi	r31, 0x01	; 1
    1590:	ff 2e       	mov	r15, r31
    1592:	f0 2d       	mov	r31, r0
    1594:	0c c0       	rjmp	.+24     	; 0x15ae <_Z22display_update_partialh+0x16e>
    1596:	0f 2e       	mov	r0, r31
    1598:	ff ed       	ldi	r31, 0xDF	; 223
    159a:	cf 2e       	mov	r12, r31
    159c:	fd e4       	ldi	r31, 0x4D	; 77
    159e:	df 2e       	mov	r13, r31
    15a0:	f0 2d       	mov	r31, r0
    15a2:	0f 2e       	mov	r0, r31
    15a4:	f0 e9       	ldi	r31, 0x90	; 144
    15a6:	ef 2e       	mov	r14, r31
    15a8:	f1 e0       	ldi	r31, 0x01	; 1
    15aa:	ff 2e       	mov	r15, r31
    15ac:	f0 2d       	mov	r31, r0
    15ae:	62 e9       	ldi	r22, 0x92	; 146
    15b0:	74 e0       	ldi	r23, 0x04	; 4
    15b2:	89 e1       	ldi	r24, 0x19	; 25
    15b4:	91 e0       	ldi	r25, 0x01	; 1
    15b6:	0e 94 11 16 	call	0x2c22	; 0x2c22 <strcmp>
    15ba:	89 2b       	or	r24, r25
    15bc:	91 f0       	breq	.+36     	; 0x15e2 <_Z22display_update_partialh+0x1a2>
    15be:	4f e0       	ldi	r20, 0x0F	; 15
    15c0:	50 e0       	ldi	r21, 0x00	; 0
    15c2:	69 e1       	ldi	r22, 0x19	; 25
    15c4:	71 e0       	ldi	r23, 0x01	; 1
    15c6:	82 e9       	ldi	r24, 0x92	; 146
    15c8:	94 e0       	ldi	r25, 0x04	; 4
    15ca:	0e 94 1a 16 	call	0x2c34	; 0x2c34 <strncpy>
    15ce:	10 92 a1 04 	sts	0x04A1, r1	; 0x8004a1 <_ZZ22display_update_partialhE16prev_output_mode+0xf>
    15d2:	96 01       	movw	r18, r12
    15d4:	a7 01       	movw	r20, r14
    15d6:	62 ec       	ldi	r22, 0xC2	; 194
    15d8:	71 e0       	ldi	r23, 0x01	; 1
    15da:	82 e3       	ldi	r24, 0x32	; 50
    15dc:	90 e0       	ldi	r25, 0x00	; 0
    15de:	0e 94 2b 08 	call	0x1056	; 0x1056 <_ZL20ui_row_two_col_colorjPKcS0_j>
    15e2:	80 91 0d 05 	lds	r24, 0x050D	; 0x80050d <display_connected_device>
    15e6:	81 11       	cpse	r24, r1
    15e8:	0f c0       	rjmp	.+30     	; 0x1608 <_Z22display_update_partialh+0x1c8>
    15ea:	68 eb       	ldi	r22, 0xB8	; 184
    15ec:	71 e0       	ldi	r23, 0x01	; 1
    15ee:	89 e1       	ldi	r24, 0x19	; 25
    15f0:	91 e0       	ldi	r25, 0x01	; 1
    15f2:	0e 94 11 16 	call	0x2c22	; 0x2c22 <strcmp>
    15f6:	89 2b       	or	r24, r25
    15f8:	71 f4       	brne	.+28     	; 0x1616 <_Z22display_update_partialh+0x1d6>
    15fa:	0f 2e       	mov	r0, r31
    15fc:	f2 ea       	ldi	r31, 0xA2	; 162
    15fe:	ef 2e       	mov	r14, r31
    1600:	f1 e0       	ldi	r31, 0x01	; 1
    1602:	ff 2e       	mov	r15, r31
    1604:	f0 2d       	mov	r31, r0
    1606:	0d c0       	rjmp	.+26     	; 0x1622 <_Z22display_update_partialh+0x1e2>
    1608:	0f 2e       	mov	r0, r31
    160a:	fd e0       	ldi	r31, 0x0D	; 13
    160c:	ef 2e       	mov	r14, r31
    160e:	f5 e0       	ldi	r31, 0x05	; 5
    1610:	ff 2e       	mov	r15, r31
    1612:	f0 2d       	mov	r31, r0
    1614:	06 c0       	rjmp	.+12     	; 0x1622 <_Z22display_update_partialh+0x1e2>
    1616:	0f 2e       	mov	r0, r31
    1618:	fa e9       	ldi	r31, 0x9A	; 154
    161a:	ef 2e       	mov	r14, r31
    161c:	f1 e0       	ldi	r31, 0x01	; 1
    161e:	ff 2e       	mov	r15, r31
    1620:	f0 2d       	mov	r31, r0
    1622:	11 11       	cpse	r17, r1
    1624:	07 c0       	rjmp	.+14     	; 0x1634 <_Z22display_update_partialh+0x1f4>
    1626:	62 e7       	ldi	r22, 0x72	; 114
    1628:	74 e0       	ldi	r23, 0x04	; 4
    162a:	c7 01       	movw	r24, r14
    162c:	0e 94 11 16 	call	0x2c22	; 0x2c22 <strcmp>
    1630:	89 2b       	or	r24, r25
    1632:	c9 f0       	breq	.+50     	; 0x1666 <_Z22display_update_partialh+0x226>
    1634:	4f e1       	ldi	r20, 0x1F	; 31
    1636:	50 e0       	ldi	r21, 0x00	; 0
    1638:	b7 01       	movw	r22, r14
    163a:	82 e7       	ldi	r24, 0x72	; 114
    163c:	94 e0       	ldi	r25, 0x04	; 4
    163e:	0e 94 1a 16 	call	0x2c34	; 0x2c34 <strncpy>
    1642:	10 92 91 04 	sts	0x0491, r1	; 0x800491 <_ZZ22display_update_partialhE21prev_connected_device+0x1f>
    1646:	41 e1       	ldi	r20, 0x11	; 17
    1648:	be 01       	movw	r22, r28
    164a:	6f 5f       	subi	r22, 0xFF	; 255
    164c:	7f 4f       	sbci	r23, 0xFF	; 255
    164e:	c7 01       	movw	r24, r14
    1650:	0e 94 60 01 	call	0x2c0	; 0x2c0 <_ZL12to_upper_strPKcPch>
    1654:	ae 01       	movw	r20, r28
    1656:	4f 5f       	subi	r20, 0xFF	; 255
    1658:	5f 4f       	sbci	r21, 0xFF	; 255
    165a:	6a ec       	ldi	r22, 0xCA	; 202
    165c:	71 e0       	ldi	r23, 0x01	; 1
    165e:	8e e3       	ldi	r24, 0x3E	; 62
    1660:	90 e0       	ldi	r25, 0x00	; 0
    1662:	0e 94 5f 08 	call	0x10be	; 0x10be <_ZL14ui_row_two_coljPKcS0_>
    1666:	80 91 2d 05 	lds	r24, 0x052D	; 0x80052d <display_last_key>
    166a:	88 23       	and	r24, r24
    166c:	39 f0       	breq	.+14     	; 0x167c <_Z22display_update_partialh+0x23c>
    166e:	0f 2e       	mov	r0, r31
    1670:	fd e2       	ldi	r31, 0x2D	; 45
    1672:	ef 2e       	mov	r14, r31
    1674:	f5 e0       	ldi	r31, 0x05	; 5
    1676:	ff 2e       	mov	r15, r31
    1678:	f0 2d       	mov	r31, r0
    167a:	06 c0       	rjmp	.+12     	; 0x1688 <_Z22display_update_partialh+0x248>
    167c:	0f 2e       	mov	r0, r31
    167e:	fb ea       	ldi	r31, 0xAB	; 171
    1680:	ef 2e       	mov	r14, r31
    1682:	f1 e0       	ldi	r31, 0x01	; 1
    1684:	ff 2e       	mov	r15, r31
    1686:	f0 2d       	mov	r31, r0
    1688:	11 11       	cpse	r17, r1
    168a:	07 c0       	rjmp	.+14     	; 0x169a <_Z22display_update_partialh+0x25a>
    168c:	62 e6       	ldi	r22, 0x62	; 98
    168e:	74 e0       	ldi	r23, 0x04	; 4
    1690:	c7 01       	movw	r24, r14
    1692:	0e 94 11 16 	call	0x2c22	; 0x2c22 <strcmp>
    1696:	89 2b       	or	r24, r25
    1698:	c9 f0       	breq	.+50     	; 0x16cc <_Z22display_update_partialh+0x28c>
    169a:	4f e0       	ldi	r20, 0x0F	; 15
    169c:	50 e0       	ldi	r21, 0x00	; 0
    169e:	b7 01       	movw	r22, r14
    16a0:	82 e6       	ldi	r24, 0x62	; 98
    16a2:	94 e0       	ldi	r25, 0x04	; 4
    16a4:	0e 94 1a 16 	call	0x2c34	; 0x2c34 <strncpy>
    16a8:	10 92 71 04 	sts	0x0471, r1	; 0x800471 <_ZZ22display_update_partialhE13prev_last_key+0xf>
    16ac:	41 e1       	ldi	r20, 0x11	; 17
    16ae:	be 01       	movw	r22, r28
    16b0:	6f 5f       	subi	r22, 0xFF	; 255
    16b2:	7f 4f       	sbci	r23, 0xFF	; 255
    16b4:	c7 01       	movw	r24, r14
    16b6:	0e 94 60 01 	call	0x2c0	; 0x2c0 <_ZL12to_upper_strPKcPch>
    16ba:	ae 01       	movw	r20, r28
    16bc:	4f 5f       	subi	r20, 0xFF	; 255
    16be:	5f 4f       	sbci	r21, 0xFF	; 255
    16c0:	6f ec       	ldi	r22, 0xCF	; 207
    16c2:	71 e0       	ldi	r23, 0x01	; 1
    16c4:	8a e4       	ldi	r24, 0x4A	; 74
    16c6:	90 e0       	ldi	r25, 0x00	; 0
    16c8:	0e 94 5f 08 	call	0x10be	; 0x10be <_ZL14ui_row_two_coljPKcS0_>
    16cc:	60 91 3e 05 	lds	r22, 0x053E	; 0x80053e <display_keys_count>
    16d0:	80 91 14 01 	lds	r24, 0x0114	; 0x800114 <_ZZ22display_update_partialhE15prev_keys_count>
    16d4:	68 17       	cp	r22, r24
    16d6:	31 f0       	breq	.+12     	; 0x16e4 <_Z22display_update_partialh+0x2a4>
    16d8:	60 93 14 01 	sts	0x0114, r22	; 0x800114 <_ZZ22display_update_partialhE15prev_keys_count>
    16dc:	86 e5       	ldi	r24, 0x56	; 86
    16de:	90 e0       	ldi	r25, 0x00	; 0
    16e0:	0e 94 e3 05 	call	0xbc6	; 0xbc6 <_ZL11ui_row_keysjh>
    16e4:	60 91 4b 05 	lds	r22, 0x054B	; 0x80054b <light_level>
    16e8:	70 91 4c 05 	lds	r23, 0x054C	; 0x80054c <light_level+0x1>
    16ec:	80 91 10 01 	lds	r24, 0x0110	; 0x800110 <_ZZ22display_update_partialhE16prev_light_level>
    16f0:	90 91 11 01 	lds	r25, 0x0111	; 0x800111 <_ZZ22display_update_partialhE16prev_light_level+0x1>
    16f4:	68 17       	cp	r22, r24
    16f6:	79 07       	cpc	r23, r25
    16f8:	41 f0       	breq	.+16     	; 0x170a <_Z22display_update_partialh+0x2ca>
    16fa:	70 93 11 01 	sts	0x0111, r23	; 0x800111 <_ZZ22display_update_partialhE16prev_light_level+0x1>
    16fe:	60 93 10 01 	sts	0x0110, r22	; 0x800110 <_ZZ22display_update_partialhE16prev_light_level>
    1702:	88 e6       	ldi	r24, 0x68	; 104
    1704:	90 e0       	ldi	r25, 0x00	; 0
    1706:	0e 94 e0 06 	call	0xdc0	; 0xdc0 <_ZL14ui_row_ambientjj>
    170a:	80 91 3d 05 	lds	r24, 0x053D	; 0x80053d <display_backlight_enabled>
    170e:	88 23       	and	r24, r24
    1710:	11 f0       	breq	.+4      	; 0x1716 <_Z22display_update_partialh+0x2d6>
    1712:	61 e0       	ldi	r22, 0x01	; 1
    1714:	01 c0       	rjmp	.+2      	; 0x1718 <_Z22display_update_partialh+0x2d8>
    1716:	60 e0       	ldi	r22, 0x00	; 0
    1718:	40 91 0c 05 	lds	r20, 0x050C	; 0x80050c <display_backlight_brightness>
    171c:	80 91 13 01 	lds	r24, 0x0113	; 0x800113 <_ZZ22display_update_partialhE22prev_backlight_enabled>
    1720:	68 13       	cpse	r22, r24
    1722:	04 c0       	rjmp	.+8      	; 0x172c <_Z22display_update_partialh+0x2ec>
    1724:	80 91 12 01 	lds	r24, 0x0112	; 0x800112 <_ZZ22display_update_partialhE18prev_backlight_pwm>
    1728:	48 17       	cp	r20, r24
    172a:	41 f0       	breq	.+16     	; 0x173c <_Z22display_update_partialh+0x2fc>
    172c:	60 93 13 01 	sts	0x0113, r22	; 0x800113 <_ZZ22display_update_partialhE22prev_backlight_enabled>
    1730:	40 93 12 01 	sts	0x0112, r20	; 0x800112 <_ZZ22display_update_partialhE18prev_backlight_pwm>
    1734:	88 e7       	ldi	r24, 0x78	; 120
    1736:	90 e0       	ldi	r25, 0x00	; 0
    1738:	0e 94 86 07 	call	0xf0c	; 0xf0c <_ZL10ui_row_ledjhh>
    173c:	62 e4       	ldi	r22, 0x42	; 66
    173e:	74 e0       	ldi	r23, 0x04	; 4
    1740:	8c ee       	ldi	r24, 0xEC	; 236
    1742:	94 e0       	ldi	r25, 0x04	; 4
    1744:	0e 94 11 16 	call	0x2c22	; 0x2c22 <strcmp>
    1748:	89 2b       	or	r24, r25
    174a:	49 f4       	brne	.+18     	; 0x175e <_Z22display_update_partialh+0x31e>
    174c:	62 e2       	ldi	r22, 0x22	; 34
    174e:	74 e0       	ldi	r23, 0x04	; 4
    1750:	8c ec       	ldi	r24, 0xCC	; 204
    1752:	94 e0       	ldi	r25, 0x04	; 4
    1754:	0e 94 11 16 	call	0x2c22	; 0x2c22 <strcmp>
    1758:	89 2b       	or	r24, r25
    175a:	09 f4       	brne	.+2      	; 0x175e <_Z22display_update_partialh+0x31e>
    175c:	50 c0       	rjmp	.+160    	; 0x17fe <_Z22display_update_partialh+0x3be>
    175e:	4f e1       	ldi	r20, 0x1F	; 31
    1760:	50 e0       	ldi	r21, 0x00	; 0
    1762:	6c ee       	ldi	r22, 0xEC	; 236
    1764:	74 e0       	ldi	r23, 0x04	; 4
    1766:	82 e4       	ldi	r24, 0x42	; 66
    1768:	94 e0       	ldi	r25, 0x04	; 4
    176a:	0e 94 1a 16 	call	0x2c34	; 0x2c34 <strncpy>
    176e:	10 92 61 04 	sts	0x0461, r1	; 0x800461 <_ZZ22display_update_partialhE7prev_c1+0x1f>
    1772:	4f e1       	ldi	r20, 0x1F	; 31
    1774:	50 e0       	ldi	r21, 0x00	; 0
    1776:	6c ec       	ldi	r22, 0xCC	; 204
    1778:	74 e0       	ldi	r23, 0x04	; 4
    177a:	82 e2       	ldi	r24, 0x22	; 34
    177c:	94 e0       	ldi	r25, 0x04	; 4
    177e:	0e 94 1a 16 	call	0x2c34	; 0x2c34 <strncpy>
    1782:	10 92 41 04 	sts	0x0441, r1	; 0x800441 <__data_end+0x1f>
    1786:	80 91 ec 04 	lds	r24, 0x04EC	; 0x8004ec <display_custom1>
    178a:	88 23       	and	r24, r24
    178c:	a1 f0       	breq	.+40     	; 0x17b6 <_Z22display_update_partialh+0x376>
    178e:	41 e1       	ldi	r20, 0x11	; 17
    1790:	be 01       	movw	r22, r28
    1792:	6f 5f       	subi	r22, 0xFF	; 255
    1794:	7f 4f       	sbci	r23, 0xFF	; 255
    1796:	8c ee       	ldi	r24, 0xEC	; 236
    1798:	94 e0       	ldi	r25, 0x04	; 4
    179a:	0e 94 60 01 	call	0x2c0	; 0x2c0 <_ZL12to_upper_strPKcPch>
    179e:	2f ef       	ldi	r18, 0xFF	; 255
    17a0:	3f ef       	ldi	r19, 0xFF	; 255
    17a2:	ae 01       	movw	r20, r28
    17a4:	4f 5f       	subi	r20, 0xFF	; 255
    17a6:	5f 4f       	sbci	r21, 0xFF	; 255
    17a8:	66 ed       	ldi	r22, 0xD6	; 214
    17aa:	71 e0       	ldi	r23, 0x01	; 1
    17ac:	84 e8       	ldi	r24, 0x84	; 132
    17ae:	90 e0       	ldi	r25, 0x00	; 0
    17b0:	0e 94 2b 08 	call	0x1056	; 0x1056 <_ZL20ui_row_two_col_colorjPKcS0_j>
    17b4:	06 c0       	rjmp	.+12     	; 0x17c2 <_Z22display_update_partialh+0x382>
    17b6:	6c e0       	ldi	r22, 0x0C	; 12
    17b8:	70 e0       	ldi	r23, 0x00	; 0
    17ba:	84 e8       	ldi	r24, 0x84	; 132
    17bc:	90 e0       	ldi	r25, 0x00	; 0
    17be:	0e 94 7f 04 	call	0x8fe	; 0x8fe <_ZL13ui_clear_bandjj>
    17c2:	80 91 cc 04 	lds	r24, 0x04CC	; 0x8004cc <display_custom2>
    17c6:	88 23       	and	r24, r24
    17c8:	a1 f0       	breq	.+40     	; 0x17f2 <_Z22display_update_partialh+0x3b2>
    17ca:	41 e1       	ldi	r20, 0x11	; 17
    17cc:	be 01       	movw	r22, r28
    17ce:	6f 5f       	subi	r22, 0xFF	; 255
    17d0:	7f 4f       	sbci	r23, 0xFF	; 255
    17d2:	8c ec       	ldi	r24, 0xCC	; 204
    17d4:	94 e0       	ldi	r25, 0x04	; 4
    17d6:	0e 94 60 01 	call	0x2c0	; 0x2c0 <_ZL12to_upper_strPKcPch>
    17da:	2f ef       	ldi	r18, 0xFF	; 255
    17dc:	3f ef       	ldi	r19, 0xFF	; 255
    17de:	ae 01       	movw	r20, r28
    17e0:	4f 5f       	subi	r20, 0xFF	; 255
    17e2:	5f 4f       	sbci	r21, 0xFF	; 255
    17e4:	6a ed       	ldi	r22, 0xDA	; 218
    17e6:	71 e0       	ldi	r23, 0x01	; 1
    17e8:	80 e9       	ldi	r24, 0x90	; 144
    17ea:	90 e0       	ldi	r25, 0x00	; 0
    17ec:	0e 94 2b 08 	call	0x1056	; 0x1056 <_ZL20ui_row_two_col_colorjPKcS0_j>
    17f0:	06 c0       	rjmp	.+12     	; 0x17fe <_Z22display_update_partialh+0x3be>
    17f2:	6c e0       	ldi	r22, 0x0C	; 12
    17f4:	70 e0       	ldi	r23, 0x00	; 0
    17f6:	80 e9       	ldi	r24, 0x90	; 144
    17f8:	90 e0       	ldi	r25, 0x00	; 0
    17fa:	0e 94 7f 04 	call	0x8fe	; 0x8fe <_ZL13ui_clear_bandjj>
    17fe:	61 96       	adiw	r28, 0x11	; 17
    1800:	0f b6       	in	r0, 0x3f	; 63
    1802:	f8 94       	cli
    1804:	de bf       	out	0x3e, r29	; 62
    1806:	0f be       	out	0x3f, r0	; 63
    1808:	cd bf       	out	0x3d, r28	; 61
    180a:	df 91       	pop	r29
    180c:	cf 91       	pop	r28
    180e:	1f 91       	pop	r17
    1810:	ff 90       	pop	r15
    1812:	ef 90       	pop	r14
    1814:	df 90       	pop	r13
    1816:	cf 90       	pop	r12
    1818:	08 95       	ret

0000181a <_Z21st7789_update_displayv>:
    181a:	80 91 3f 05 	lds	r24, 0x053F	; 0x80053f <image_receiving>
    181e:	81 11       	cpse	r24, r1
    1820:	18 c0       	rjmp	.+48     	; 0x1852 <_Z21st7789_update_displayv+0x38>
    1822:	6e ed       	ldi	r22, 0xDE	; 222
    1824:	71 e0       	ldi	r23, 0x01	; 1
    1826:	89 e4       	ldi	r24, 0x49	; 73
    1828:	91 e0       	ldi	r25, 0x01	; 1
    182a:	0e 94 11 16 	call	0x2c22	; 0x2c22 <strcmp>
    182e:	89 2b       	or	r24, r25
    1830:	41 f0       	breq	.+16     	; 0x1842 <_Z21st7789_update_displayv+0x28>
    1832:	64 ee       	ldi	r22, 0xE4	; 228
    1834:	71 e0       	ldi	r23, 0x01	; 1
    1836:	89 e4       	ldi	r24, 0x49	; 73
    1838:	91 e0       	ldi	r25, 0x01	; 1
    183a:	0e 94 11 16 	call	0x2c22	; 0x2c22 <strcmp>
    183e:	89 2b       	or	r24, r25
    1840:	19 f4       	brne	.+6      	; 0x1848 <_Z21st7789_update_displayv+0x2e>
    1842:	0e 94 8e 08 	call	0x111c	; 0x111c <_Z25display_draw_image_footerv>
    1846:	08 95       	ret
    1848:	81 e0       	ldi	r24, 0x01	; 1
    184a:	80 93 c9 04 	sts	0x04C9, r24	; 0x8004c9 <display_force_ui_reset>
    184e:	0e 94 20 0a 	call	0x1440	; 0x1440 <_Z22display_update_partialh>
    1852:	08 95       	ret

00001854 <_Z19display_simple_infov>:
    1854:	80 91 3f 05 	lds	r24, 0x053F	; 0x80053f <image_receiving>
    1858:	81 11       	cpse	r24, r1
    185a:	16 c0       	rjmp	.+44     	; 0x1888 <_Z19display_simple_infov+0x34>
    185c:	6e ed       	ldi	r22, 0xDE	; 222
    185e:	71 e0       	ldi	r23, 0x01	; 1
    1860:	89 e4       	ldi	r24, 0x49	; 73
    1862:	91 e0       	ldi	r25, 0x01	; 1
    1864:	0e 94 11 16 	call	0x2c22	; 0x2c22 <strcmp>
    1868:	89 2b       	or	r24, r25
    186a:	41 f0       	breq	.+16     	; 0x187c <_Z19display_simple_infov+0x28>
    186c:	64 ee       	ldi	r22, 0xE4	; 228
    186e:	71 e0       	ldi	r23, 0x01	; 1
    1870:	89 e4       	ldi	r24, 0x49	; 73
    1872:	91 e0       	ldi	r25, 0x01	; 1
    1874:	0e 94 11 16 	call	0x2c22	; 0x2c22 <strcmp>
    1878:	89 2b       	or	r24, r25
    187a:	19 f4       	brne	.+6      	; 0x1882 <_Z19display_simple_infov+0x2e>
    187c:	0e 94 8e 08 	call	0x111c	; 0x111c <_Z25display_draw_image_footerv>
    1880:	08 95       	ret
    1882:	80 e0       	ldi	r24, 0x00	; 0
    1884:	0e 94 20 0a 	call	0x1440	; 0x1440 <_Z22display_update_partialh>
    1888:	08 95       	ret

0000188a <_Z14uart_send_byteh>:
    188a:	90 91 c0 00 	lds	r25, 0x00C0	; 0x8000c0 <__TEXT_REGION_LENGTH__+0x7f80c0>
    188e:	95 ff       	sbrs	r25, 5
    1890:	fc cf       	rjmp	.-8      	; 0x188a <_Z14uart_send_byteh>
    1892:	80 93 c6 00 	sts	0x00C6, r24	; 0x8000c6 <__TEXT_REGION_LENGTH__+0x7f80c6>
    1896:	08 95       	ret

00001898 <_Z11debug_printPKc>:
    1898:	cf 93       	push	r28
    189a:	df 93       	push	r29
    189c:	ec 01       	movw	r28, r24
    189e:	88 81       	ld	r24, Y
    18a0:	88 23       	and	r24, r24
    18a2:	21 f0       	breq	.+8      	; 0x18ac <_Z11debug_printPKc+0x14>
    18a4:	21 96       	adiw	r28, 0x01	; 1
    18a6:	0e 94 45 0c 	call	0x188a	; 0x188a <_Z14uart_send_byteh>
    18aa:	f9 cf       	rjmp	.-14     	; 0x189e <_Z11debug_printPKc+0x6>
    18ac:	df 91       	pop	r29
    18ae:	cf 91       	pop	r28
    18b0:	08 95       	ret

000018b2 <_Z11st7789_initv>:
    18b2:	80 91 c8 04 	lds	r24, 0x04C8	; 0x8004c8 <debug_enabled>
    18b6:	88 23       	and	r24, r24
    18b8:	31 f0       	breq	.+12     	; 0x18c6 <_Z11st7789_initv+0x14>
    18ba:	80 91 17 01 	lds	r24, 0x0117	; 0x800117 <log_level>
    18be:	82 30       	cpi	r24, 0x02	; 2
    18c0:	20 f4       	brcc	.+8      	; 0x18ca <_Z11st7789_initv+0x18>
    18c2:	80 e0       	ldi	r24, 0x00	; 0
    18c4:	03 c0       	rjmp	.+6      	; 0x18cc <_Z11st7789_initv+0x1a>
    18c6:	80 e0       	ldi	r24, 0x00	; 0
    18c8:	01 c0       	rjmp	.+2      	; 0x18cc <_Z11st7789_initv+0x1a>
    18ca:	81 e0       	ldi	r24, 0x01	; 1
    18cc:	88 23       	and	r24, r24
    18ce:	21 f0       	breq	.+8      	; 0x18d8 <_Z11st7789_initv+0x26>
    18d0:	88 ee       	ldi	r24, 0xE8	; 232
    18d2:	91 e0       	ldi	r25, 0x01	; 1
    18d4:	0e 94 4c 0c 	call	0x1898	; 0x1898 <_Z11debug_printPKc>
    18d8:	85 b1       	in	r24, 0x05	; 5
    18da:	8e 7f       	andi	r24, 0xFE	; 254
    18dc:	85 b9       	out	0x05, r24	; 5
    18de:	8f e3       	ldi	r24, 0x3F	; 63
    18e0:	9c e9       	ldi	r25, 0x9C	; 156
    18e2:	01 97       	sbiw	r24, 0x01	; 1
    18e4:	f1 f7       	brne	.-4      	; 0x18e2 <_Z11st7789_initv+0x30>
    18e6:	00 c0       	rjmp	.+0      	; 0x18e8 <_Z11st7789_initv+0x36>
    18e8:	00 00       	nop
    18ea:	85 b1       	in	r24, 0x05	; 5
    18ec:	81 60       	ori	r24, 0x01	; 1
    18ee:	85 b9       	out	0x05, r24	; 5
    18f0:	8f e3       	ldi	r24, 0x3F	; 63
    18f2:	9c e9       	ldi	r25, 0x9C	; 156
    18f4:	01 97       	sbiw	r24, 0x01	; 1
    18f6:	f1 f7       	brne	.-4      	; 0x18f4 <_Z11st7789_initv+0x42>
    18f8:	00 c0       	rjmp	.+0      	; 0x18fa <_Z11st7789_initv+0x48>
    18fa:	00 00       	nop
    18fc:	80 91 c8 04 	lds	r24, 0x04C8	; 0x8004c8 <debug_enabled>
    1900:	88 23       	and	r24, r24
    1902:	31 f0       	breq	.+12     	; 0x1910 <_Z11st7789_initv+0x5e>
    1904:	80 91 17 01 	lds	r24, 0x0117	; 0x800117 <log_level>
    1908:	82 30       	cpi	r24, 0x02	; 2
    190a:	20 f4       	brcc	.+8      	; 0x1914 <_Z11st7789_initv+0x62>
    190c:	80 e0       	ldi	r24, 0x00	; 0
    190e:	03 c0       	rjmp	.+6      	; 0x1916 <_Z11st7789_initv+0x64>
    1910:	80 e0       	ldi	r24, 0x00	; 0
    1912:	01 c0       	rjmp	.+2      	; 0x1916 <_Z11st7789_initv+0x64>
    1914:	81 e0       	ldi	r24, 0x01	; 1
    1916:	88 23       	and	r24, r24
    1918:	21 f0       	breq	.+8      	; 0x1922 <_Z11st7789_initv+0x70>
    191a:	89 ef       	ldi	r24, 0xF9	; 249
    191c:	91 e0       	ldi	r25, 0x01	; 1
    191e:	0e 94 4c 0c 	call	0x1898	; 0x1898 <_Z11debug_printPKc>
    1922:	81 e0       	ldi	r24, 0x01	; 1
    1924:	0e 94 86 02 	call	0x50c	; 0x50c <_Z16st7789_write_cmdh>
    1928:	9f e7       	ldi	r25, 0x7F	; 127
    192a:	29 ea       	ldi	r18, 0xA9	; 169
    192c:	83 e0       	ldi	r24, 0x03	; 3
    192e:	91 50       	subi	r25, 0x01	; 1
    1930:	20 40       	sbci	r18, 0x00	; 0
    1932:	80 40       	sbci	r24, 0x00	; 0
    1934:	e1 f7       	brne	.-8      	; 0x192e <_Z11st7789_initv+0x7c>
    1936:	00 c0       	rjmp	.+0      	; 0x1938 <_Z11st7789_initv+0x86>
    1938:	00 00       	nop
    193a:	80 91 c8 04 	lds	r24, 0x04C8	; 0x8004c8 <debug_enabled>
    193e:	88 23       	and	r24, r24
    1940:	31 f0       	breq	.+12     	; 0x194e <_Z11st7789_initv+0x9c>
    1942:	80 91 17 01 	lds	r24, 0x0117	; 0x800117 <log_level>
    1946:	82 30       	cpi	r24, 0x02	; 2
    1948:	20 f4       	brcc	.+8      	; 0x1952 <_Z11st7789_initv+0xa0>
    194a:	80 e0       	ldi	r24, 0x00	; 0
    194c:	03 c0       	rjmp	.+6      	; 0x1954 <_Z11st7789_initv+0xa2>
    194e:	80 e0       	ldi	r24, 0x00	; 0
    1950:	01 c0       	rjmp	.+2      	; 0x1954 <_Z11st7789_initv+0xa2>
    1952:	81 e0       	ldi	r24, 0x01	; 1
    1954:	88 23       	and	r24, r24
    1956:	21 f0       	breq	.+8      	; 0x1960 <_Z11st7789_initv+0xae>
    1958:	89 e0       	ldi	r24, 0x09	; 9
    195a:	92 e0       	ldi	r25, 0x02	; 2
    195c:	0e 94 4c 0c 	call	0x1898	; 0x1898 <_Z11debug_printPKc>
    1960:	81 e1       	ldi	r24, 0x11	; 17
    1962:	0e 94 86 02 	call	0x50c	; 0x50c <_Z16st7789_write_cmdh>
    1966:	9f e7       	ldi	r25, 0x7F	; 127
    1968:	29 ea       	ldi	r18, 0xA9	; 169
    196a:	83 e0       	ldi	r24, 0x03	; 3
    196c:	91 50       	subi	r25, 0x01	; 1
    196e:	20 40       	sbci	r18, 0x00	; 0
    1970:	80 40       	sbci	r24, 0x00	; 0
    1972:	e1 f7       	brne	.-8      	; 0x196c <_Z11st7789_initv+0xba>
    1974:	00 c0       	rjmp	.+0      	; 0x1976 <_Z11st7789_initv+0xc4>
    1976:	00 00       	nop
    1978:	80 91 c8 04 	lds	r24, 0x04C8	; 0x8004c8 <debug_enabled>
    197c:	88 23       	and	r24, r24
    197e:	31 f0       	breq	.+12     	; 0x198c <_Z11st7789_initv+0xda>
    1980:	80 91 17 01 	lds	r24, 0x0117	; 0x800117 <log_level>
    1984:	82 30       	cpi	r24, 0x02	; 2
    1986:	20 f4       	brcc	.+8      	; 0x1990 <_Z11st7789_initv+0xde>
    1988:	80 e0       	ldi	r24, 0x00	; 0
    198a:	03 c0       	rjmp	.+6      	; 0x1992 <_Z11st7789_initv+0xe0>
    198c:	80 e0       	ldi	r24, 0x00	; 0
    198e:	01 c0       	rjmp	.+2      	; 0x1992 <_Z11st7789_initv+0xe0>
    1990:	81 e0       	ldi	r24, 0x01	; 1
    1992:	88 23       	and	r24, r24
    1994:	21 f0       	breq	.+8      	; 0x199e <_Z11st7789_initv+0xec>
    1996:	88 e1       	ldi	r24, 0x18	; 24
    1998:	92 e0       	ldi	r25, 0x02	; 2
    199a:	0e 94 4c 0c 	call	0x1898	; 0x1898 <_Z11debug_printPKc>
    199e:	8a e3       	ldi	r24, 0x3A	; 58
    19a0:	0e 94 86 02 	call	0x50c	; 0x50c <_Z16st7789_write_cmdh>
    19a4:	85 e5       	ldi	r24, 0x55	; 85
    19a6:	0e 94 c5 02 	call	0x58a	; 0x58a <_Z17st7789_write_datah>
    19aa:	8f e1       	ldi	r24, 0x1F	; 31
    19ac:	9e e4       	ldi	r25, 0x4E	; 78
    19ae:	01 97       	sbiw	r24, 0x01	; 1
    19b0:	f1 f7       	brne	.-4      	; 0x19ae <_Z11st7789_initv+0xfc>
    19b2:	00 c0       	rjmp	.+0      	; 0x19b4 <_Z11st7789_initv+0x102>
    19b4:	00 00       	nop
    19b6:	80 91 c8 04 	lds	r24, 0x04C8	; 0x8004c8 <debug_enabled>
    19ba:	88 23       	and	r24, r24
    19bc:	31 f0       	breq	.+12     	; 0x19ca <_Z11st7789_initv+0x118>
    19be:	80 91 17 01 	lds	r24, 0x0117	; 0x800117 <log_level>
    19c2:	82 30       	cpi	r24, 0x02	; 2
    19c4:	20 f4       	brcc	.+8      	; 0x19ce <_Z11st7789_initv+0x11c>
    19c6:	80 e0       	ldi	r24, 0x00	; 0
    19c8:	03 c0       	rjmp	.+6      	; 0x19d0 <_Z11st7789_initv+0x11e>
    19ca:	80 e0       	ldi	r24, 0x00	; 0
    19cc:	01 c0       	rjmp	.+2      	; 0x19d0 <_Z11st7789_initv+0x11e>
    19ce:	81 e0       	ldi	r24, 0x01	; 1
    19d0:	88 23       	and	r24, r24
    19d2:	21 f0       	breq	.+8      	; 0x19dc <_Z11st7789_initv+0x12a>
    19d4:	87 e2       	ldi	r24, 0x27	; 39
    19d6:	92 e0       	ldi	r25, 0x02	; 2
    19d8:	0e 94 4c 0c 	call	0x1898	; 0x1898 <_Z11debug_printPKc>
    19dc:	86 e3       	ldi	r24, 0x36	; 54
    19de:	0e 94 86 02 	call	0x50c	; 0x50c <_Z16st7789_write_cmdh>
    19e2:	80 ea       	ldi	r24, 0xA0	; 160
    19e4:	0e 94 c5 02 	call	0x58a	; 0x58a <_Z17st7789_write_datah>
    19e8:	8f e1       	ldi	r24, 0x1F	; 31
    19ea:	9e e4       	ldi	r25, 0x4E	; 78
    19ec:	01 97       	sbiw	r24, 0x01	; 1
    19ee:	f1 f7       	brne	.-4      	; 0x19ec <_Z11st7789_initv+0x13a>
    19f0:	00 c0       	rjmp	.+0      	; 0x19f2 <_Z11st7789_initv+0x140>
    19f2:	00 00       	nop
    19f4:	80 91 c8 04 	lds	r24, 0x04C8	; 0x8004c8 <debug_enabled>
    19f8:	88 23       	and	r24, r24
    19fa:	31 f0       	breq	.+12     	; 0x1a08 <_Z11st7789_initv+0x156>
    19fc:	80 91 17 01 	lds	r24, 0x0117	; 0x800117 <log_level>
    1a00:	82 30       	cpi	r24, 0x02	; 2
    1a02:	20 f4       	brcc	.+8      	; 0x1a0c <_Z11st7789_initv+0x15a>
    1a04:	80 e0       	ldi	r24, 0x00	; 0
    1a06:	03 c0       	rjmp	.+6      	; 0x1a0e <_Z11st7789_initv+0x15c>
    1a08:	80 e0       	ldi	r24, 0x00	; 0
    1a0a:	01 c0       	rjmp	.+2      	; 0x1a0e <_Z11st7789_initv+0x15c>
    1a0c:	81 e0       	ldi	r24, 0x01	; 1
    1a0e:	88 23       	and	r24, r24
    1a10:	21 f0       	breq	.+8      	; 0x1a1a <_Z11st7789_initv+0x168>
    1a12:	86 e3       	ldi	r24, 0x36	; 54
    1a14:	92 e0       	ldi	r25, 0x02	; 2
    1a16:	0e 94 4c 0c 	call	0x1898	; 0x1898 <_Z11debug_printPKc>
    1a1a:	81 e2       	ldi	r24, 0x21	; 33
    1a1c:	0e 94 86 02 	call	0x50c	; 0x50c <_Z16st7789_write_cmdh>
    1a20:	8f e1       	ldi	r24, 0x1F	; 31
    1a22:	9e e4       	ldi	r25, 0x4E	; 78
    1a24:	01 97       	sbiw	r24, 0x01	; 1
    1a26:	f1 f7       	brne	.-4      	; 0x1a24 <_Z11st7789_initv+0x172>
    1a28:	00 c0       	rjmp	.+0      	; 0x1a2a <_Z11st7789_initv+0x178>
    1a2a:	00 00       	nop
    1a2c:	80 91 c8 04 	lds	r24, 0x04C8	; 0x8004c8 <debug_enabled>
    1a30:	88 23       	and	r24, r24
    1a32:	31 f0       	breq	.+12     	; 0x1a40 <_Z11st7789_initv+0x18e>
    1a34:	80 91 17 01 	lds	r24, 0x0117	; 0x800117 <log_level>
    1a38:	82 30       	cpi	r24, 0x02	; 2
    1a3a:	20 f4       	brcc	.+8      	; 0x1a44 <_Z11st7789_initv+0x192>
    1a3c:	80 e0       	ldi	r24, 0x00	; 0
    1a3e:	03 c0       	rjmp	.+6      	; 0x1a46 <_Z11st7789_initv+0x194>
    1a40:	80 e0       	ldi	r24, 0x00	; 0
    1a42:	01 c0       	rjmp	.+2      	; 0x1a46 <_Z11st7789_initv+0x194>
    1a44:	81 e0       	ldi	r24, 0x01	; 1
    1a46:	88 23       	and	r24, r24
    1a48:	21 f0       	breq	.+8      	; 0x1a52 <_Z11st7789_initv+0x1a0>
    1a4a:	84 e4       	ldi	r24, 0x44	; 68
    1a4c:	92 e0       	ldi	r25, 0x02	; 2
    1a4e:	0e 94 4c 0c 	call	0x1898	; 0x1898 <_Z11debug_printPKc>
    1a52:	89 e2       	ldi	r24, 0x29	; 41
    1a54:	0e 94 86 02 	call	0x50c	; 0x50c <_Z16st7789_write_cmdh>
    1a58:	9f ef       	ldi	r25, 0xFF	; 255
    1a5a:	20 e7       	ldi	r18, 0x70	; 112
    1a5c:	82 e0       	ldi	r24, 0x02	; 2
    1a5e:	91 50       	subi	r25, 0x01	; 1
    1a60:	20 40       	sbci	r18, 0x00	; 0
    1a62:	80 40       	sbci	r24, 0x00	; 0
    1a64:	e1 f7       	brne	.-8      	; 0x1a5e <_Z11st7789_initv+0x1ac>
    1a66:	00 c0       	rjmp	.+0      	; 0x1a68 <_Z11st7789_initv+0x1b6>
    1a68:	00 00       	nop
    1a6a:	80 91 c8 04 	lds	r24, 0x04C8	; 0x8004c8 <debug_enabled>
    1a6e:	88 23       	and	r24, r24
    1a70:	31 f0       	breq	.+12     	; 0x1a7e <_Z11st7789_initv+0x1cc>
    1a72:	80 91 17 01 	lds	r24, 0x0117	; 0x800117 <log_level>
    1a76:	82 30       	cpi	r24, 0x02	; 2
    1a78:	20 f4       	brcc	.+8      	; 0x1a82 <_Z11st7789_initv+0x1d0>
    1a7a:	80 e0       	ldi	r24, 0x00	; 0
    1a7c:	03 c0       	rjmp	.+6      	; 0x1a84 <_Z11st7789_initv+0x1d2>
    1a7e:	80 e0       	ldi	r24, 0x00	; 0
    1a80:	01 c0       	rjmp	.+2      	; 0x1a84 <_Z11st7789_initv+0x1d2>
    1a82:	81 e0       	ldi	r24, 0x01	; 1
    1a84:	88 23       	and	r24, r24
    1a86:	21 f0       	breq	.+8      	; 0x1a90 <_Z11st7789_initv+0x1de>
    1a88:	83 e5       	ldi	r24, 0x53	; 83
    1a8a:	92 e0       	ldi	r25, 0x02	; 2
    1a8c:	0e 94 4c 0c 	call	0x1898	; 0x1898 <_Z11debug_printPKc>
    1a90:	80 e0       	ldi	r24, 0x00	; 0
    1a92:	90 e0       	ldi	r25, 0x00	; 0
    1a94:	0e 94 1e 03 	call	0x63c	; 0x63c <_Z18st7789_fill_screenj>
    1a98:	9f e7       	ldi	r25, 0x7F	; 127
    1a9a:	28 e3       	ldi	r18, 0x38	; 56
    1a9c:	81 e0       	ldi	r24, 0x01	; 1
    1a9e:	91 50       	subi	r25, 0x01	; 1
    1aa0:	20 40       	sbci	r18, 0x00	; 0
    1aa2:	80 40       	sbci	r24, 0x00	; 0
    1aa4:	e1 f7       	brne	.-8      	; 0x1a9e <_Z11st7789_initv+0x1ec>
    1aa6:	00 c0       	rjmp	.+0      	; 0x1aa8 <_Z11st7789_initv+0x1f6>
    1aa8:	00 00       	nop
    1aaa:	80 91 c8 04 	lds	r24, 0x04C8	; 0x8004c8 <debug_enabled>
    1aae:	88 23       	and	r24, r24
    1ab0:	31 f0       	breq	.+12     	; 0x1abe <_Z11st7789_initv+0x20c>
    1ab2:	80 91 17 01 	lds	r24, 0x0117	; 0x800117 <log_level>
    1ab6:	82 30       	cpi	r24, 0x02	; 2
    1ab8:	20 f4       	brcc	.+8      	; 0x1ac2 <_Z11st7789_initv+0x210>
    1aba:	80 e0       	ldi	r24, 0x00	; 0
    1abc:	03 c0       	rjmp	.+6      	; 0x1ac4 <_Z11st7789_initv+0x212>
    1abe:	80 e0       	ldi	r24, 0x00	; 0
    1ac0:	01 c0       	rjmp	.+2      	; 0x1ac4 <_Z11st7789_initv+0x212>
    1ac2:	81 e0       	ldi	r24, 0x01	; 1
    1ac4:	88 23       	and	r24, r24
    1ac6:	21 f0       	breq	.+8      	; 0x1ad0 <_Z11st7789_initv+0x21e>
    1ac8:	86 e6       	ldi	r24, 0x66	; 102
    1aca:	92 e0       	ldi	r25, 0x02	; 2
    1acc:	0e 94 4c 0c 	call	0x1898	; 0x1898 <_Z11debug_printPKc>
    1ad0:	0e 94 2a 0c 	call	0x1854	; 0x1854 <_Z19display_simple_infov>
    1ad4:	81 e0       	ldi	r24, 0x01	; 1
    1ad6:	80 93 cb 04 	sts	0x04CB, r24	; 0x8004cb <display_initialized>
    1ada:	81 e7       	ldi	r24, 0x71	; 113
    1adc:	92 e0       	ldi	r25, 0x02	; 2
    1ade:	0e 94 4c 0c 	call	0x1898	; 0x1898 <_Z11debug_printPKc>
    1ae2:	08 95       	ret

00001ae4 <_Z15debug_print_hexh>:
    1ae4:	1f 93       	push	r17
    1ae6:	cf 93       	push	r28
    1ae8:	df 93       	push	r29
    1aea:	cd b7       	in	r28, 0x3d	; 61
    1aec:	de b7       	in	r29, 0x3e	; 62
    1aee:	61 97       	sbiw	r28, 0x11	; 17
    1af0:	0f b6       	in	r0, 0x3f	; 63
    1af2:	f8 94       	cli
    1af4:	de bf       	out	0x3e, r29	; 62
    1af6:	0f be       	out	0x3f, r0	; 63
    1af8:	cd bf       	out	0x3d, r28	; 61
    1afa:	18 2f       	mov	r17, r24
    1afc:	81 e1       	ldi	r24, 0x11	; 17
    1afe:	e6 e8       	ldi	r30, 0x86	; 134
    1b00:	f2 e0       	ldi	r31, 0x02	; 2
    1b02:	de 01       	movw	r26, r28
    1b04:	11 96       	adiw	r26, 0x01	; 1
    1b06:	01 90       	ld	r0, Z+
    1b08:	0d 92       	st	X+, r0
    1b0a:	8a 95       	dec	r24
    1b0c:	e1 f7       	brne	.-8      	; 0x1b06 <_Z15debug_print_hexh+0x22>
    1b0e:	81 2f       	mov	r24, r17
    1b10:	82 95       	swap	r24
    1b12:	8f 70       	andi	r24, 0x0F	; 15
    1b14:	e1 e0       	ldi	r30, 0x01	; 1
    1b16:	f0 e0       	ldi	r31, 0x00	; 0
    1b18:	ec 0f       	add	r30, r28
    1b1a:	fd 1f       	adc	r31, r29
    1b1c:	e8 0f       	add	r30, r24
    1b1e:	f1 1d       	adc	r31, r1
    1b20:	80 81       	ld	r24, Z
    1b22:	0e 94 45 0c 	call	0x188a	; 0x188a <_Z14uart_send_byteh>
    1b26:	1f 70       	andi	r17, 0x0F	; 15
    1b28:	e1 e0       	ldi	r30, 0x01	; 1
    1b2a:	f0 e0       	ldi	r31, 0x00	; 0
    1b2c:	ec 0f       	add	r30, r28
    1b2e:	fd 1f       	adc	r31, r29
    1b30:	e1 0f       	add	r30, r17
    1b32:	f1 1d       	adc	r31, r1
    1b34:	80 81       	ld	r24, Z
    1b36:	0e 94 45 0c 	call	0x188a	; 0x188a <_Z14uart_send_byteh>
    1b3a:	61 96       	adiw	r28, 0x11	; 17
    1b3c:	0f b6       	in	r0, 0x3f	; 63
    1b3e:	f8 94       	cli
    1b40:	de bf       	out	0x3e, r29	; 62
    1b42:	0f be       	out	0x3f, r0	; 63
    1b44:	cd bf       	out	0x3d, r28	; 61
    1b46:	df 91       	pop	r29
    1b48:	cf 91       	pop	r28
    1b4a:	1f 91       	pop	r17
    1b4c:	08 95       	ret

00001b4e <_Z15debug_print_decj>:
    1b4e:	1f 93       	push	r17
    1b50:	cf 93       	push	r28
    1b52:	df 93       	push	r29
    1b54:	00 d0       	rcall	.+0      	; 0x1b56 <_Z15debug_print_decj+0x8>
    1b56:	00 d0       	rcall	.+0      	; 0x1b58 <_Z15debug_print_decj+0xa>
    1b58:	00 d0       	rcall	.+0      	; 0x1b5a <_Z15debug_print_decj+0xc>
    1b5a:	cd b7       	in	r28, 0x3d	; 61
    1b5c:	de b7       	in	r29, 0x3e	; 62
    1b5e:	ac 01       	movw	r20, r24
    1b60:	89 2b       	or	r24, r25
    1b62:	21 f4       	brne	.+8      	; 0x1b6c <_Z15debug_print_decj+0x1e>
    1b64:	80 e3       	ldi	r24, 0x30	; 48
    1b66:	0e 94 45 0c 	call	0x188a	; 0x188a <_Z14uart_send_byteh>
    1b6a:	41 c0       	rjmp	.+130    	; 0x1bee <_Z15debug_print_decj+0xa0>
    1b6c:	10 e0       	ldi	r17, 0x00	; 0
    1b6e:	41 15       	cp	r20, r1
    1b70:	51 05       	cpc	r21, r1
    1b72:	81 f1       	breq	.+96     	; 0x1bd4 <_Z15debug_print_decj+0x86>
    1b74:	15 30       	cpi	r17, 0x05	; 5
    1b76:	70 f5       	brcc	.+92     	; 0x1bd4 <_Z15debug_print_decj+0x86>
    1b78:	9a 01       	movw	r18, r20
    1b7a:	ad ec       	ldi	r26, 0xCD	; 205
    1b7c:	bc ec       	ldi	r27, 0xCC	; 204
    1b7e:	0e 94 f9 15 	call	0x2bf2	; 0x2bf2 <__umulhisi3>
    1b82:	96 95       	lsr	r25
    1b84:	87 95       	ror	r24
    1b86:	96 95       	lsr	r25
    1b88:	87 95       	ror	r24
    1b8a:	96 95       	lsr	r25
    1b8c:	87 95       	ror	r24
    1b8e:	9c 01       	movw	r18, r24
    1b90:	22 0f       	add	r18, r18
    1b92:	33 1f       	adc	r19, r19
    1b94:	88 0f       	add	r24, r24
    1b96:	99 1f       	adc	r25, r25
    1b98:	88 0f       	add	r24, r24
    1b9a:	99 1f       	adc	r25, r25
    1b9c:	88 0f       	add	r24, r24
    1b9e:	99 1f       	adc	r25, r25
    1ba0:	82 0f       	add	r24, r18
    1ba2:	93 1f       	adc	r25, r19
    1ba4:	9a 01       	movw	r18, r20
    1ba6:	28 1b       	sub	r18, r24
    1ba8:	39 0b       	sbc	r19, r25
    1baa:	c9 01       	movw	r24, r18
    1bac:	e1 e0       	ldi	r30, 0x01	; 1
    1bae:	f0 e0       	ldi	r31, 0x00	; 0
    1bb0:	ec 0f       	add	r30, r28
    1bb2:	fd 1f       	adc	r31, r29
    1bb4:	e1 0f       	add	r30, r17
    1bb6:	f1 1d       	adc	r31, r1
    1bb8:	80 5d       	subi	r24, 0xD0	; 208
    1bba:	80 83       	st	Z, r24
    1bbc:	9a 01       	movw	r18, r20
    1bbe:	0e 94 f9 15 	call	0x2bf2	; 0x2bf2 <__umulhisi3>
    1bc2:	ac 01       	movw	r20, r24
    1bc4:	56 95       	lsr	r21
    1bc6:	47 95       	ror	r20
    1bc8:	56 95       	lsr	r21
    1bca:	47 95       	ror	r20
    1bcc:	56 95       	lsr	r21
    1bce:	47 95       	ror	r20
    1bd0:	1f 5f       	subi	r17, 0xFF	; 255
    1bd2:	cd cf       	rjmp	.-102    	; 0x1b6e <_Z15debug_print_decj+0x20>
    1bd4:	11 23       	and	r17, r17
    1bd6:	59 f0       	breq	.+22     	; 0x1bee <_Z15debug_print_decj+0xa0>
    1bd8:	11 50       	subi	r17, 0x01	; 1
    1bda:	e1 e0       	ldi	r30, 0x01	; 1
    1bdc:	f0 e0       	ldi	r31, 0x00	; 0
    1bde:	ec 0f       	add	r30, r28
    1be0:	fd 1f       	adc	r31, r29
    1be2:	e1 0f       	add	r30, r17
    1be4:	f1 1d       	adc	r31, r1
    1be6:	80 81       	ld	r24, Z
    1be8:	0e 94 45 0c 	call	0x188a	; 0x188a <_Z14uart_send_byteh>
    1bec:	f3 cf       	rjmp	.-26     	; 0x1bd4 <_Z15debug_print_decj+0x86>
    1bee:	26 96       	adiw	r28, 0x06	; 6
    1bf0:	0f b6       	in	r0, 0x3f	; 63
    1bf2:	f8 94       	cli
    1bf4:	de bf       	out	0x3e, r29	; 62
    1bf6:	0f be       	out	0x3f, r0	; 63
    1bf8:	cd bf       	out	0x3d, r28	; 61
    1bfa:	df 91       	pop	r29
    1bfc:	cf 91       	pop	r28
    1bfe:	1f 91       	pop	r17
    1c00:	08 95       	ret

00001c02 <_Z15debug_print_u32m>:
    1c02:	1f 93       	push	r17
    1c04:	cf 93       	push	r28
    1c06:	df 93       	push	r29
    1c08:	cd b7       	in	r28, 0x3d	; 61
    1c0a:	de b7       	in	r29, 0x3e	; 62
    1c0c:	2b 97       	sbiw	r28, 0x0b	; 11
    1c0e:	0f b6       	in	r0, 0x3f	; 63
    1c10:	f8 94       	cli
    1c12:	de bf       	out	0x3e, r29	; 62
    1c14:	0f be       	out	0x3f, r0	; 63
    1c16:	cd bf       	out	0x3d, r28	; 61
    1c18:	61 15       	cp	r22, r1
    1c1a:	71 05       	cpc	r23, r1
    1c1c:	81 05       	cpc	r24, r1
    1c1e:	91 05       	cpc	r25, r1
    1c20:	21 f4       	brne	.+8      	; 0x1c2a <_Z15debug_print_u32m+0x28>
    1c22:	80 e3       	ldi	r24, 0x30	; 48
    1c24:	0e 94 45 0c 	call	0x188a	; 0x188a <_Z14uart_send_byteh>
    1c28:	29 c0       	rjmp	.+82     	; 0x1c7c <_Z15debug_print_u32m+0x7a>
    1c2a:	10 e0       	ldi	r17, 0x00	; 0
    1c2c:	61 15       	cp	r22, r1
    1c2e:	71 05       	cpc	r23, r1
    1c30:	81 05       	cpc	r24, r1
    1c32:	91 05       	cpc	r25, r1
    1c34:	b1 f0       	breq	.+44     	; 0x1c62 <_Z15debug_print_u32m+0x60>
    1c36:	1a 30       	cpi	r17, 0x0A	; 10
    1c38:	a0 f4       	brcc	.+40     	; 0x1c62 <_Z15debug_print_u32m+0x60>
    1c3a:	2a e0       	ldi	r18, 0x0A	; 10
    1c3c:	30 e0       	ldi	r19, 0x00	; 0
    1c3e:	40 e0       	ldi	r20, 0x00	; 0
    1c40:	50 e0       	ldi	r21, 0x00	; 0
    1c42:	0e 94 d1 15 	call	0x2ba2	; 0x2ba2 <__udivmodsi4>
    1c46:	e1 e0       	ldi	r30, 0x01	; 1
    1c48:	f0 e0       	ldi	r31, 0x00	; 0
    1c4a:	ec 0f       	add	r30, r28
    1c4c:	fd 1f       	adc	r31, r29
    1c4e:	e1 0f       	add	r30, r17
    1c50:	f1 1d       	adc	r31, r1
    1c52:	60 5d       	subi	r22, 0xD0	; 208
    1c54:	60 83       	st	Z, r22
    1c56:	62 2f       	mov	r22, r18
    1c58:	73 2f       	mov	r23, r19
    1c5a:	84 2f       	mov	r24, r20
    1c5c:	95 2f       	mov	r25, r21
    1c5e:	1f 5f       	subi	r17, 0xFF	; 255
    1c60:	e5 cf       	rjmp	.-54     	; 0x1c2c <_Z15debug_print_u32m+0x2a>
    1c62:	11 23       	and	r17, r17
    1c64:	59 f0       	breq	.+22     	; 0x1c7c <_Z15debug_print_u32m+0x7a>
    1c66:	11 50       	subi	r17, 0x01	; 1
    1c68:	e1 e0       	ldi	r30, 0x01	; 1
    1c6a:	f0 e0       	ldi	r31, 0x00	; 0
    1c6c:	ec 0f       	add	r30, r28
    1c6e:	fd 1f       	adc	r31, r29
    1c70:	e1 0f       	add	r30, r17
    1c72:	f1 1d       	adc	r31, r1
    1c74:	80 81       	ld	r24, Z
    1c76:	0e 94 45 0c 	call	0x188a	; 0x188a <_Z14uart_send_byteh>
    1c7a:	f3 cf       	rjmp	.-26     	; 0x1c62 <_Z15debug_print_u32m+0x60>
    1c7c:	2b 96       	adiw	r28, 0x0b	; 11
    1c7e:	0f b6       	in	r0, 0x3f	; 63
    1c80:	f8 94       	cli
    1c82:	de bf       	out	0x3e, r29	; 62
    1c84:	0f be       	out	0x3f, r0	; 63
    1c86:	cd bf       	out	0x3d, r28	; 61
    1c88:	df 91       	pop	r29
    1c8a:	cf 91       	pop	r28
    1c8c:	1f 91       	pop	r17
    1c8e:	08 95       	ret

00001c90 <_Z18uart_send_responsehPhh>:
void uart_send_byte(uint8_t data) {
    while (!(UCSR0A & (1 << UDRE0)));  // Attendre que le buffer de transmission soit vide
    UDR0 = data;
}

void uart_send_response(uint8_t cmd, uint8_t* data, uint8_t len) {
    1c90:	0f 93       	push	r16
    1c92:	1f 93       	push	r17
    1c94:	cf 93       	push	r28
    1c96:	df 93       	push	r29
    1c98:	8b 01       	movw	r16, r22
    1c9a:	d4 2f       	mov	r29, r20
    // Envoyer la commande
    uart_send_byte(cmd);
    1c9c:	0e 94 45 0c 	call	0x188a	; 0x188a <_Z14uart_send_byteh>
    // Envoyer les données
    for (uint8_t i = 0; i < len; i++) {
    1ca0:	c0 e0       	ldi	r28, 0x00	; 0
    1ca2:	cd 17       	cp	r28, r29
    1ca4:	40 f4       	brcc	.+16     	; 0x1cb6 <_Z18uart_send_responsehPhh+0x26>
        uart_send_byte(data[i]);
    1ca6:	f8 01       	movw	r30, r16
    1ca8:	ec 0f       	add	r30, r28
    1caa:	f1 1d       	adc	r31, r1
    1cac:	80 81       	ld	r24, Z
    1cae:	0e 94 45 0c 	call	0x188a	; 0x188a <_Z14uart_send_byteh>

void uart_send_response(uint8_t cmd, uint8_t* data, uint8_t len) {
    // Envoyer la commande
    uart_send_byte(cmd);
    // Envoyer les données
    for (uint8_t i = 0; i < len; i++) {
    1cb2:	cf 5f       	subi	r28, 0xFF	; 255
    1cb4:	f6 cf       	rjmp	.-20     	; 0x1ca2 <_Z18uart_send_responsehPhh+0x12>
        uart_send_byte(data[i]);
    }
    uart_send_byte('\n');
    1cb6:	8a e0       	ldi	r24, 0x0A	; 10
    1cb8:	0e 94 45 0c 	call	0x188a	; 0x188a <_Z14uart_send_byteh>
}
    1cbc:	df 91       	pop	r29
    1cbe:	cf 91       	pop	r28
    1cc0:	1f 91       	pop	r17
    1cc2:	0f 91       	pop	r16
    1cc4:	08 95       	ret

00001cc6 <_Z18processUartCommandv>:

// Traiter une commande UART complète
void processUartCommand() {
    1cc6:	4f 92       	push	r4
    1cc8:	5f 92       	push	r5
    1cca:	6f 92       	push	r6
    1ccc:	7f 92       	push	r7
    1cce:	8f 92       	push	r8
    1cd0:	9f 92       	push	r9
    1cd2:	af 92       	push	r10
    1cd4:	bf 92       	push	r11
    1cd6:	ef 92       	push	r14
    1cd8:	ff 92       	push	r15
    1cda:	0f 93       	push	r16
    1cdc:	1f 93       	push	r17
    1cde:	cf 93       	push	r28
    1ce0:	df 93       	push	r29
    1ce2:	00 d0       	rcall	.+0      	; 0x1ce4 <_Z18processUartCommandv+0x1e>
    1ce4:	00 d0       	rcall	.+0      	; 0x1ce6 <_Z18processUartCommandv+0x20>
    1ce6:	00 d0       	rcall	.+0      	; 0x1ce8 <_Z18processUartCommandv+0x22>
    1ce8:	cd b7       	in	r28, 0x3d	; 61
    1cea:	de b7       	in	r29, 0x3e	; 62
    if (uart_buffer_index < 1) return;
    1cec:	80 91 d5 06 	lds	r24, 0x06D5	; 0x8006d5 <uart_buffer_index>
    1cf0:	88 23       	and	r24, r24
    1cf2:	09 f4       	brne	.+2      	; 0x1cf6 <_Z18processUartCommandv+0x30>
    1cf4:	77 c5       	rjmp	.+2798   	; 0x27e4 <_Z18processUartCommandv+0xb1e>
    
    uart_command = uart_buffer[0];
    1cf6:	80 91 d6 06 	lds	r24, 0x06D6	; 0x8006d6 <uart_buffer>
    1cfa:	80 93 4e 05 	sts	0x054E, r24	; 0x80054e <uart_command>
    
    LOG_DEBUG("[UART] Command received: 0x");
    1cfe:	80 91 c8 04 	lds	r24, 0x04C8	; 0x8004c8 <debug_enabled>
    1d02:	88 23       	and	r24, r24
    1d04:	31 f0       	breq	.+12     	; 0x1d12 <_Z18processUartCommandv+0x4c>
    1d06:	80 91 17 01 	lds	r24, 0x0117	; 0x800117 <log_level>
    1d0a:	83 30       	cpi	r24, 0x03	; 3
    1d0c:	20 f4       	brcc	.+8      	; 0x1d16 <_Z18processUartCommandv+0x50>
    1d0e:	80 e0       	ldi	r24, 0x00	; 0
    1d10:	03 c0       	rjmp	.+6      	; 0x1d18 <_Z18processUartCommandv+0x52>
    1d12:	80 e0       	ldi	r24, 0x00	; 0
    1d14:	01 c0       	rjmp	.+2      	; 0x1d18 <_Z18processUartCommandv+0x52>
    1d16:	81 e0       	ldi	r24, 0x01	; 1
    1d18:	88 23       	and	r24, r24
    1d1a:	21 f0       	breq	.+8      	; 0x1d24 <_Z18processUartCommandv+0x5e>
    1d1c:	87 e9       	ldi	r24, 0x97	; 151
    1d1e:	92 e0       	ldi	r25, 0x02	; 2
    1d20:	0e 94 4c 0c 	call	0x1898	; 0x1898 <_Z11debug_printPKc>
    debug_print_hex(uart_command);
    1d24:	80 91 4e 05 	lds	r24, 0x054E	; 0x80054e <uart_command>
    1d28:	0e 94 72 0d 	call	0x1ae4	; 0x1ae4 <_Z15debug_print_hexh>
    debug_print("\r\n");
    1d2c:	89 e0       	ldi	r24, 0x09	; 9
    1d2e:	94 e0       	ldi	r25, 0x04	; 4
    1d30:	0e 94 4c 0c 	call	0x1898	; 0x1898 <_Z11debug_printPKc>
    
    switch (uart_command) {
    1d34:	e0 91 4e 05 	lds	r30, 0x054E	; 0x80054e <uart_command>
    1d38:	8e 2f       	mov	r24, r30
    1d3a:	90 e0       	ldi	r25, 0x00	; 0
    1d3c:	fc 01       	movw	r30, r24
    1d3e:	31 97       	sbiw	r30, 0x01	; 1
    1d40:	ef 30       	cpi	r30, 0x0F	; 15
    1d42:	f1 05       	cpc	r31, r1
    1d44:	08 f0       	brcs	.+2      	; 0x1d48 <_Z18processUartCommandv+0x82>
    1d46:	4a c5       	rjmp	.+2708   	; 0x27dc <_Z18processUartCommandv+0xb16>
    1d48:	ec 5c       	subi	r30, 0xCC	; 204
    1d4a:	ff 4f       	sbci	r31, 0xFF	; 255
    1d4c:	0c 94 f3 15 	jmp	0x2be6	; 0x2be6 <__tablejump2__>
        case CMD_READ_LIGHT:
            // Envoyer la luminosité (2 bytes, little-endian)
            {
                uint8_t response[2] = {(uint8_t)(light_level & 0xFF), (uint8_t)((light_level >> 8) & 0xFF)};
    1d50:	80 91 4b 05 	lds	r24, 0x054B	; 0x80054b <light_level>
    1d54:	90 91 4c 05 	lds	r25, 0x054C	; 0x80054c <light_level+0x1>
    1d58:	89 83       	std	Y+1, r24	; 0x01
    1d5a:	80 91 4b 05 	lds	r24, 0x054B	; 0x80054b <light_level>
    1d5e:	90 91 4c 05 	lds	r25, 0x054C	; 0x80054c <light_level+0x1>
    1d62:	9a 83       	std	Y+2, r25	; 0x02
                uart_send_response(CMD_READ_LIGHT, response, 2);
    1d64:	42 e0       	ldi	r20, 0x02	; 2
    1d66:	be 01       	movw	r22, r28
    1d68:	6f 5f       	subi	r22, 0xFF	; 255
    1d6a:	7f 4f       	sbci	r23, 0xFF	; 255
    1d6c:	81 e0       	ldi	r24, 0x01	; 1
    1d6e:	0e 94 48 0e 	call	0x1c90	; 0x1c90 <_Z18uart_send_responsehPhh>
            }
            break;
    1d72:	34 c5       	rjmp	.+2664   	; 0x27dc <_Z18processUartCommandv+0xb16>
            
        case CMD_GET_LED:
            // Envoyer la luminosité LED
            {
                uint8_t response[1] = {led_brightness};
    1d74:	80 91 4d 05 	lds	r24, 0x054D	; 0x80054d <led_brightness>
    1d78:	89 83       	std	Y+1, r24	; 0x01
                uart_send_response(CMD_GET_LED, response, 1);
    1d7a:	41 e0       	ldi	r20, 0x01	; 1
    1d7c:	be 01       	movw	r22, r28
    1d7e:	6f 5f       	subi	r22, 0xFF	; 255
    1d80:	7f 4f       	sbci	r23, 0xFF	; 255
    1d82:	83 e0       	ldi	r24, 0x03	; 3
    1d84:	0e 94 48 0e 	call	0x1c90	; 0x1c90 <_Z18uart_send_responsehPhh>
            }
            break;
    1d88:	29 c5       	rjmp	.+2642   	; 0x27dc <_Z18processUartCommandv+0xb16>
            
        case CMD_SET_LED:
            if (uart_buffer_index >= 2) {
    1d8a:	80 91 d5 06 	lds	r24, 0x06D5	; 0x8006d5 <uart_buffer_index>
    1d8e:	82 30       	cpi	r24, 0x02	; 2
    1d90:	08 f4       	brcc	.+2      	; 0x1d94 <_Z18processUartCommandv+0xce>
    1d92:	24 c5       	rjmp	.+2632   	; 0x27dc <_Z18processUartCommandv+0xb16>
                uint8_t brightness = uart_buffer[1];
    1d94:	10 91 d7 06 	lds	r17, 0x06D7	; 0x8006d7 <uart_buffer+0x1>
                LOG_INFO("[UART] Setting LED brightness: ");
    1d98:	80 91 c8 04 	lds	r24, 0x04C8	; 0x8004c8 <debug_enabled>
    1d9c:	88 23       	and	r24, r24
    1d9e:	31 f0       	breq	.+12     	; 0x1dac <_Z18processUartCommandv+0xe6>
    1da0:	80 91 17 01 	lds	r24, 0x0117	; 0x800117 <log_level>
    1da4:	82 30       	cpi	r24, 0x02	; 2
    1da6:	20 f4       	brcc	.+8      	; 0x1db0 <_Z18processUartCommandv+0xea>
    1da8:	80 e0       	ldi	r24, 0x00	; 0
    1daa:	03 c0       	rjmp	.+6      	; 0x1db2 <_Z18processUartCommandv+0xec>
    1dac:	80 e0       	ldi	r24, 0x00	; 0
    1dae:	01 c0       	rjmp	.+2      	; 0x1db2 <_Z18processUartCommandv+0xec>
    1db0:	81 e0       	ldi	r24, 0x01	; 1
    1db2:	88 23       	and	r24, r24
    1db4:	21 f0       	breq	.+8      	; 0x1dbe <_Z18processUartCommandv+0xf8>
    1db6:	83 eb       	ldi	r24, 0xB3	; 179
    1db8:	92 e0       	ldi	r25, 0x02	; 2
    1dba:	0e 94 4c 0c 	call	0x1898	; 0x1898 <_Z11debug_printPKc>
                debug_print_dec(brightness);
    1dbe:	81 2f       	mov	r24, r17
    1dc0:	90 e0       	ldi	r25, 0x00	; 0
    1dc2:	0e 94 a7 0d 	call	0x1b4e	; 0x1b4e <_Z15debug_print_decj>
                debug_print("\r\n");
    1dc6:	89 e0       	ldi	r24, 0x09	; 9
    1dc8:	94 e0       	ldi	r25, 0x04	; 4
    1dca:	0e 94 4c 0c 	call	0x1898	; 0x1898 <_Z11debug_printPKc>
                if (tft_panel_asleep) {
    1dce:	80 91 ca 04 	lds	r24, 0x04CA	; 0x8004ca <_ZL16tft_panel_asleep>
    1dd2:	88 23       	and	r24, r24
    1dd4:	21 f0       	breq	.+8      	; 0x1dde <_Z18processUartCommandv+0x118>
                    set_led_brightness(0);
    1dd6:	80 e0       	ldi	r24, 0x00	; 0
    1dd8:	0e 94 44 02 	call	0x488	; 0x488 <_Z18set_led_brightnessh>
    1ddc:	ff c4       	rjmp	.+2558   	; 0x27dc <_Z18processUartCommandv+0xb16>
                } else {
                    set_led_brightness(brightness);
    1dde:	81 2f       	mov	r24, r17
    1de0:	0e 94 44 02 	call	0x488	; 0x488 <_Z18set_led_brightnessh>
                    st7789_update_display();
    1de4:	0e 94 0d 0c 	call	0x181a	; 0x181a <_Z21st7789_update_displayv>
    1de8:	f9 c4       	rjmp	.+2546   	; 0x27dc <_Z18processUartCommandv+0xb16>
                }
            }
            break;
            
        case CMD_UPDATE_DISPLAY:
            if (!tft_panel_asleep) {
    1dea:	80 91 ca 04 	lds	r24, 0x04CA	; 0x8004ca <_ZL16tft_panel_asleep>
    1dee:	81 11       	cpse	r24, r1
    1df0:	f5 c4       	rjmp	.+2538   	; 0x27dc <_Z18processUartCommandv+0xb16>
                st7789_update_display();
    1df2:	0e 94 0d 0c 	call	0x181a	; 0x181a <_Z21st7789_update_displayv>
    1df6:	f2 c4       	rjmp	.+2532   	; 0x27dc <_Z18processUartCommandv+0xb16>
            break;
            
        case CMD_SET_DISPLAY_DATA: {
            // Parser les données d'affichage
            static char last_disp_mode[16] = "data";
            if (uart_buffer_index > 1) {
    1df8:	80 91 d5 06 	lds	r24, 0x06D5	; 0x8006d5 <uart_buffer_index>
    1dfc:	82 30       	cpi	r24, 0x02	; 2
    1dfe:	08 f4       	brcc	.+2      	; 0x1e02 <_Z18processUartCommandv+0x13c>
    1e00:	ed c4       	rjmp	.+2522   	; 0x27dc <_Z18processUartCommandv+0xb16>
                uint8_t pos = 1;
                if (pos < uart_buffer_index) {
    1e02:	80 91 d5 06 	lds	r24, 0x06D5	; 0x8006d5 <uart_buffer_index>
    1e06:	82 30       	cpi	r24, 0x02	; 2
    1e08:	30 f0       	brcs	.+12     	; 0x1e16 <_Z18processUartCommandv+0x150>
                    display_brightness = uart_buffer[pos++];
    1e0a:	80 91 d7 06 	lds	r24, 0x06D7	; 0x8006d7 <uart_buffer+0x1>
    1e0e:	80 93 18 01 	sts	0x0118, r24	; 0x800118 <display_brightness>
    1e12:	22 e0       	ldi	r18, 0x02	; 2
    1e14:	01 c0       	rjmp	.+2      	; 0x1e18 <_Z18processUartCommandv+0x152>
            
        case CMD_SET_DISPLAY_DATA: {
            // Parser les données d'affichage
            static char last_disp_mode[16] = "data";
            if (uart_buffer_index > 1) {
                uint8_t pos = 1;
    1e16:	21 e0       	ldi	r18, 0x01	; 1
                if (pos < uart_buffer_index) {
                    display_brightness = uart_buffer[pos++];
                }
                // Mode
                if (pos < uart_buffer_index) {
    1e18:	80 91 d5 06 	lds	r24, 0x06D5	; 0x8006d5 <uart_buffer_index>
    1e1c:	28 17       	cp	r18, r24
    1e1e:	68 f5       	brcc	.+90     	; 0x1e7a <_Z18processUartCommandv+0x1b4>
                    uint8_t mode_len = uart_buffer[pos++];
    1e20:	01 e0       	ldi	r16, 0x01	; 1
    1e22:	02 0f       	add	r16, r18
    1e24:	e2 2f       	mov	r30, r18
    1e26:	f0 e0       	ldi	r31, 0x00	; 0
    1e28:	ea 52       	subi	r30, 0x2A	; 42
    1e2a:	f9 4f       	sbci	r31, 0xF9	; 249
    1e2c:	10 81       	ld	r17, Z
                    if (mode_len < 16 && pos + mode_len <= uart_buffer_index) {
    1e2e:	10 31       	cpi	r17, 0x10	; 16
    1e30:	60 f4       	brcc	.+24     	; 0x1e4a <_Z18processUartCommandv+0x184>
    1e32:	21 2f       	mov	r18, r17
    1e34:	30 e0       	ldi	r19, 0x00	; 0
    1e36:	20 0f       	add	r18, r16
    1e38:	31 1d       	adc	r19, r1
    1e3a:	80 91 d5 06 	lds	r24, 0x06D5	; 0x8006d5 <uart_buffer_index>
    1e3e:	90 e0       	ldi	r25, 0x00	; 0
    1e40:	82 17       	cp	r24, r18
    1e42:	93 07       	cpc	r25, r19
    1e44:	24 f4       	brge	.+8      	; 0x1e4e <_Z18processUartCommandv+0x188>
    1e46:	80 e0       	ldi	r24, 0x00	; 0
    1e48:	03 c0       	rjmp	.+6      	; 0x1e50 <_Z18processUartCommandv+0x18a>
    1e4a:	80 e0       	ldi	r24, 0x00	; 0
    1e4c:	01 c0       	rjmp	.+2      	; 0x1e50 <_Z18processUartCommandv+0x18a>
    1e4e:	81 e0       	ldi	r24, 0x01	; 1
    1e50:	88 23       	and	r24, r24
    1e52:	91 f0       	breq	.+36     	; 0x1e78 <_Z18processUartCommandv+0x1b2>
                        memcpy((void*)display_mode, (const void*)&uart_buffer[pos], mode_len);
    1e54:	e1 2e       	mov	r14, r17
    1e56:	f1 2c       	mov	r15, r1
    1e58:	60 2f       	mov	r22, r16
    1e5a:	70 e0       	ldi	r23, 0x00	; 0
    1e5c:	6a 52       	subi	r22, 0x2A	; 42
    1e5e:	79 4f       	sbci	r23, 0xF9	; 249
    1e60:	a7 01       	movw	r20, r14
    1e62:	89 e4       	ldi	r24, 0x49	; 73
    1e64:	91 e0       	ldi	r25, 0x01	; 1
    1e66:	0e 94 08 16 	call	0x2c10	; 0x2c10 <memcpy>
                        display_mode[mode_len] = '\0';
    1e6a:	f7 01       	movw	r30, r14
    1e6c:	e7 5b       	subi	r30, 0xB7	; 183
    1e6e:	fe 4f       	sbci	r31, 0xFE	; 254
    1e70:	10 82       	st	Z, r1
                        pos += mode_len;
    1e72:	20 2f       	mov	r18, r16
    1e74:	21 0f       	add	r18, r17
    1e76:	01 c0       	rjmp	.+2      	; 0x1e7a <_Z18processUartCommandv+0x1b4>
                if (pos < uart_buffer_index) {
                    display_brightness = uart_buffer[pos++];
                }
                // Mode
                if (pos < uart_buffer_index) {
                    uint8_t mode_len = uart_buffer[pos++];
    1e78:	20 2f       	mov	r18, r16
                        display_mode[mode_len] = '\0';
                        pos += mode_len;
                    }
                }
                // Profile
                if (pos < uart_buffer_index) {
    1e7a:	80 91 d5 06 	lds	r24, 0x06D5	; 0x8006d5 <uart_buffer_index>
    1e7e:	28 17       	cp	r18, r24
    1e80:	68 f5       	brcc	.+90     	; 0x1edc <_Z18processUartCommandv+0x216>
                    uint8_t profile_len = uart_buffer[pos++];
    1e82:	01 e0       	ldi	r16, 0x01	; 1
    1e84:	02 0f       	add	r16, r18
    1e86:	e2 2f       	mov	r30, r18
    1e88:	f0 e0       	ldi	r31, 0x00	; 0
    1e8a:	ea 52       	subi	r30, 0x2A	; 42
    1e8c:	f9 4f       	sbci	r31, 0xF9	; 249
    1e8e:	10 81       	ld	r17, Z
                    if (profile_len < 32 && pos + profile_len <= uart_buffer_index) {
    1e90:	10 32       	cpi	r17, 0x20	; 32
    1e92:	60 f4       	brcc	.+24     	; 0x1eac <_Z18processUartCommandv+0x1e6>
    1e94:	21 2f       	mov	r18, r17
    1e96:	30 e0       	ldi	r19, 0x00	; 0
    1e98:	20 0f       	add	r18, r16
    1e9a:	31 1d       	adc	r19, r1
    1e9c:	80 91 d5 06 	lds	r24, 0x06D5	; 0x8006d5 <uart_buffer_index>
    1ea0:	90 e0       	ldi	r25, 0x00	; 0
    1ea2:	82 17       	cp	r24, r18
    1ea4:	93 07       	cpc	r25, r19
    1ea6:	24 f4       	brge	.+8      	; 0x1eb0 <_Z18processUartCommandv+0x1ea>
    1ea8:	80 e0       	ldi	r24, 0x00	; 0
    1eaa:	03 c0       	rjmp	.+6      	; 0x1eb2 <_Z18processUartCommandv+0x1ec>
    1eac:	80 e0       	ldi	r24, 0x00	; 0
    1eae:	01 c0       	rjmp	.+2      	; 0x1eb2 <_Z18processUartCommandv+0x1ec>
    1eb0:	81 e0       	ldi	r24, 0x01	; 1
    1eb2:	88 23       	and	r24, r24
    1eb4:	91 f0       	breq	.+36     	; 0x1eda <_Z18processUartCommandv+0x214>
                        memcpy((void*)display_profile, (const void*)&uart_buffer[pos], profile_len);
    1eb6:	e1 2e       	mov	r14, r17
    1eb8:	f1 2c       	mov	r15, r1
    1eba:	60 2f       	mov	r22, r16
    1ebc:	70 e0       	ldi	r23, 0x00	; 0
    1ebe:	6a 52       	subi	r22, 0x2A	; 42
    1ec0:	79 4f       	sbci	r23, 0xF9	; 249
    1ec2:	a7 01       	movw	r20, r14
    1ec4:	89 e2       	ldi	r24, 0x29	; 41
    1ec6:	91 e0       	ldi	r25, 0x01	; 1
    1ec8:	0e 94 08 16 	call	0x2c10	; 0x2c10 <memcpy>
                        display_profile[profile_len] = '\0';
    1ecc:	f7 01       	movw	r30, r14
    1ece:	e7 5d       	subi	r30, 0xD7	; 215
    1ed0:	fe 4f       	sbci	r31, 0xFE	; 254
    1ed2:	10 82       	st	Z, r1
                        pos += profile_len;
    1ed4:	20 2f       	mov	r18, r16
    1ed6:	21 0f       	add	r18, r17
    1ed8:	01 c0       	rjmp	.+2      	; 0x1edc <_Z18processUartCommandv+0x216>
                        pos += mode_len;
                    }
                }
                // Profile
                if (pos < uart_buffer_index) {
                    uint8_t profile_len = uart_buffer[pos++];
    1eda:	20 2f       	mov	r18, r16
                        display_profile[profile_len] = '\0';
                        pos += profile_len;
                    }
                }
                // Output mode
                if (pos < uart_buffer_index) {
    1edc:	80 91 d5 06 	lds	r24, 0x06D5	; 0x8006d5 <uart_buffer_index>
    1ee0:	28 17       	cp	r18, r24
    1ee2:	68 f5       	brcc	.+90     	; 0x1f3e <_Z18processUartCommandv+0x278>
                    uint8_t output_len = uart_buffer[pos++];
    1ee4:	01 e0       	ldi	r16, 0x01	; 1
    1ee6:	02 0f       	add	r16, r18
    1ee8:	e2 2f       	mov	r30, r18
    1eea:	f0 e0       	ldi	r31, 0x00	; 0
    1eec:	ea 52       	subi	r30, 0x2A	; 42
    1eee:	f9 4f       	sbci	r31, 0xF9	; 249
    1ef0:	10 81       	ld	r17, Z
                    if (output_len < 16 && pos + output_len <= uart_buffer_index) {
    1ef2:	10 31       	cpi	r17, 0x10	; 16
    1ef4:	60 f4       	brcc	.+24     	; 0x1f0e <_Z18processUartCommandv+0x248>
    1ef6:	21 2f       	mov	r18, r17
    1ef8:	30 e0       	ldi	r19, 0x00	; 0
    1efa:	20 0f       	add	r18, r16
    1efc:	31 1d       	adc	r19, r1
    1efe:	80 91 d5 06 	lds	r24, 0x06D5	; 0x8006d5 <uart_buffer_index>
    1f02:	90 e0       	ldi	r25, 0x00	; 0
    1f04:	82 17       	cp	r24, r18
    1f06:	93 07       	cpc	r25, r19
    1f08:	24 f4       	brge	.+8      	; 0x1f12 <_Z18processUartCommandv+0x24c>
    1f0a:	80 e0       	ldi	r24, 0x00	; 0
    1f0c:	03 c0       	rjmp	.+6      	; 0x1f14 <_Z18processUartCommandv+0x24e>
    1f0e:	80 e0       	ldi	r24, 0x00	; 0
    1f10:	01 c0       	rjmp	.+2      	; 0x1f14 <_Z18processUartCommandv+0x24e>
    1f12:	81 e0       	ldi	r24, 0x01	; 1
    1f14:	88 23       	and	r24, r24
    1f16:	91 f0       	breq	.+36     	; 0x1f3c <_Z18processUartCommandv+0x276>
                        memcpy((void*)display_output_mode, (const void*)&uart_buffer[pos], output_len);
    1f18:	e1 2e       	mov	r14, r17
    1f1a:	f1 2c       	mov	r15, r1
    1f1c:	60 2f       	mov	r22, r16
    1f1e:	70 e0       	ldi	r23, 0x00	; 0
    1f20:	6a 52       	subi	r22, 0x2A	; 42
    1f22:	79 4f       	sbci	r23, 0xF9	; 249
    1f24:	a7 01       	movw	r20, r14
    1f26:	89 e1       	ldi	r24, 0x19	; 25
    1f28:	91 e0       	ldi	r25, 0x01	; 1
    1f2a:	0e 94 08 16 	call	0x2c10	; 0x2c10 <memcpy>
                        display_output_mode[output_len] = '\0';
    1f2e:	f7 01       	movw	r30, r14
    1f30:	e7 5e       	subi	r30, 0xE7	; 231
    1f32:	fe 4f       	sbci	r31, 0xFE	; 254
    1f34:	10 82       	st	Z, r1
                        pos += output_len;
    1f36:	20 2f       	mov	r18, r16
    1f38:	21 0f       	add	r18, r17
    1f3a:	01 c0       	rjmp	.+2      	; 0x1f3e <_Z18processUartCommandv+0x278>
                        pos += profile_len;
                    }
                }
                // Output mode
                if (pos < uart_buffer_index) {
                    uint8_t output_len = uart_buffer[pos++];
    1f3c:	20 2f       	mov	r18, r16
                        display_output_mode[output_len] = '\0';
                        pos += output_len;
                    }
                }
                // Keys count
                if (pos < uart_buffer_index) {
    1f3e:	80 91 d5 06 	lds	r24, 0x06D5	; 0x8006d5 <uart_buffer_index>
    1f42:	28 17       	cp	r18, r24
    1f44:	40 f4       	brcc	.+16     	; 0x1f56 <_Z18processUartCommandv+0x290>
                    display_keys_count = uart_buffer[pos++];
    1f46:	e2 2f       	mov	r30, r18
    1f48:	f0 e0       	ldi	r31, 0x00	; 0
    1f4a:	ea 52       	subi	r30, 0x2A	; 42
    1f4c:	f9 4f       	sbci	r31, 0xF9	; 249
    1f4e:	80 81       	ld	r24, Z
    1f50:	80 93 3e 05 	sts	0x053E, r24	; 0x80053e <display_keys_count>
    1f54:	2f 5f       	subi	r18, 0xFF	; 255
                }
                // Last key pressed
                if (pos < uart_buffer_index) {
    1f56:	80 91 d5 06 	lds	r24, 0x06D5	; 0x8006d5 <uart_buffer_index>
    1f5a:	28 17       	cp	r18, r24
    1f5c:	b8 f5       	brcc	.+110    	; 0x1fcc <_Z18processUartCommandv+0x306>
                    uint8_t last_key_len = uart_buffer[pos++];
    1f5e:	01 e0       	ldi	r16, 0x01	; 1
    1f60:	02 0f       	add	r16, r18
    1f62:	e2 2f       	mov	r30, r18
    1f64:	f0 e0       	ldi	r31, 0x00	; 0
    1f66:	ea 52       	subi	r30, 0x2A	; 42
    1f68:	f9 4f       	sbci	r31, 0xF9	; 249
    1f6a:	10 81       	ld	r17, Z
                    if (last_key_len < 16) {
    1f6c:	10 31       	cpi	r17, 0x10	; 16
    1f6e:	58 f5       	brcc	.+86     	; 0x1fc6 <_Z18processUartCommandv+0x300>
                        if (last_key_len > 0 && pos + last_key_len <= uart_buffer_index) {
    1f70:	11 23       	and	r17, r17
    1f72:	61 f0       	breq	.+24     	; 0x1f8c <_Z18processUartCommandv+0x2c6>
    1f74:	21 2f       	mov	r18, r17
    1f76:	30 e0       	ldi	r19, 0x00	; 0
    1f78:	20 0f       	add	r18, r16
    1f7a:	31 1d       	adc	r19, r1
    1f7c:	80 91 d5 06 	lds	r24, 0x06D5	; 0x8006d5 <uart_buffer_index>
    1f80:	90 e0       	ldi	r25, 0x00	; 0
    1f82:	82 17       	cp	r24, r18
    1f84:	93 07       	cpc	r25, r19
    1f86:	24 f4       	brge	.+8      	; 0x1f90 <_Z18processUartCommandv+0x2ca>
    1f88:	80 e0       	ldi	r24, 0x00	; 0
    1f8a:	03 c0       	rjmp	.+6      	; 0x1f92 <_Z18processUartCommandv+0x2cc>
    1f8c:	80 e0       	ldi	r24, 0x00	; 0
    1f8e:	01 c0       	rjmp	.+2      	; 0x1f92 <_Z18processUartCommandv+0x2cc>
    1f90:	81 e0       	ldi	r24, 0x01	; 1
    1f92:	88 23       	and	r24, r24
    1f94:	91 f0       	breq	.+36     	; 0x1fba <_Z18processUartCommandv+0x2f4>
                            memcpy((void*)display_last_key, (const void*)&uart_buffer[pos], last_key_len);
    1f96:	e1 2e       	mov	r14, r17
    1f98:	f1 2c       	mov	r15, r1
    1f9a:	60 2f       	mov	r22, r16
    1f9c:	70 e0       	ldi	r23, 0x00	; 0
    1f9e:	6a 52       	subi	r22, 0x2A	; 42
    1fa0:	79 4f       	sbci	r23, 0xF9	; 249
    1fa2:	a7 01       	movw	r20, r14
    1fa4:	8d e2       	ldi	r24, 0x2D	; 45
    1fa6:	95 e0       	ldi	r25, 0x05	; 5
    1fa8:	0e 94 08 16 	call	0x2c10	; 0x2c10 <memcpy>
                            display_last_key[last_key_len] = '\0';
    1fac:	f7 01       	movw	r30, r14
    1fae:	e3 5d       	subi	r30, 0xD3	; 211
    1fb0:	fa 4f       	sbci	r31, 0xFA	; 250
    1fb2:	10 82       	st	Z, r1
                            pos += last_key_len;
    1fb4:	20 2f       	mov	r18, r16
    1fb6:	21 0f       	add	r18, r17
    1fb8:	09 c0       	rjmp	.+18     	; 0x1fcc <_Z18processUartCommandv+0x306>
                        } else if (last_key_len == 0) {
    1fba:	11 11       	cpse	r17, r1
    1fbc:	06 c0       	rjmp	.+12     	; 0x1fca <_Z18processUartCommandv+0x304>
                            display_last_key[0] = '\0';
    1fbe:	10 92 2d 05 	sts	0x052D, r1	; 0x80052d <display_last_key>
                if (pos < uart_buffer_index) {
                    display_keys_count = uart_buffer[pos++];
                }
                // Last key pressed
                if (pos < uart_buffer_index) {
                    uint8_t last_key_len = uart_buffer[pos++];
    1fc2:	20 2f       	mov	r18, r16
    1fc4:	03 c0       	rjmp	.+6      	; 0x1fcc <_Z18processUartCommandv+0x306>
    1fc6:	20 2f       	mov	r18, r16
    1fc8:	01 c0       	rjmp	.+2      	; 0x1fcc <_Z18processUartCommandv+0x306>
    1fca:	20 2f       	mov	r18, r16
                            display_last_key[0] = '\0';
                        }
                    }
                }
                // Backlight enabled
                if (pos < uart_buffer_index) {
    1fcc:	80 91 d5 06 	lds	r24, 0x06D5	; 0x8006d5 <uart_buffer_index>
    1fd0:	28 17       	cp	r18, r24
    1fd2:	40 f4       	brcc	.+16     	; 0x1fe4 <_Z18processUartCommandv+0x31e>
                    display_backlight_enabled = uart_buffer[pos++];
    1fd4:	a2 2f       	mov	r26, r18
    1fd6:	b0 e0       	ldi	r27, 0x00	; 0
    1fd8:	aa 52       	subi	r26, 0x2A	; 42
    1fda:	b9 4f       	sbci	r27, 0xF9	; 249
    1fdc:	8c 91       	ld	r24, X
    1fde:	80 93 3d 05 	sts	0x053D, r24	; 0x80053d <display_backlight_enabled>
    1fe2:	2f 5f       	subi	r18, 0xFF	; 255
                }
                // Backlight brightness
                if (pos < uart_buffer_index) {
    1fe4:	80 91 d5 06 	lds	r24, 0x06D5	; 0x8006d5 <uart_buffer_index>
    1fe8:	28 17       	cp	r18, r24
    1fea:	40 f4       	brcc	.+16     	; 0x1ffc <_Z18processUartCommandv+0x336>
                    display_backlight_brightness = uart_buffer[pos++];
    1fec:	a2 2f       	mov	r26, r18
    1fee:	b0 e0       	ldi	r27, 0x00	; 0
    1ff0:	aa 52       	subi	r26, 0x2A	; 42
    1ff2:	b9 4f       	sbci	r27, 0xF9	; 249
    1ff4:	8c 91       	ld	r24, X
    1ff6:	80 93 0c 05 	sts	0x050C, r24	; 0x80050c <display_backlight_brightness>
    1ffa:	2f 5f       	subi	r18, 0xFF	; 255
                }
                // Time (optionnel - skip)
                if (pos < uart_buffer_index) {
    1ffc:	80 91 d5 06 	lds	r24, 0x06D5	; 0x8006d5 <uart_buffer_index>
    2000:	28 17       	cp	r18, r24
    2002:	f0 f4       	brcc	.+60     	; 0x2040 <_Z18processUartCommandv+0x37a>
                    uint8_t time_len = uart_buffer[pos++];
    2004:	81 e0       	ldi	r24, 0x01	; 1
    2006:	82 0f       	add	r24, r18
    2008:	e2 2f       	mov	r30, r18
    200a:	f0 e0       	ldi	r31, 0x00	; 0
    200c:	ea 52       	subi	r30, 0x2A	; 42
    200e:	f9 4f       	sbci	r31, 0xF9	; 249
    2010:	e0 81       	ld	r30, Z
                    if (time_len > 0 && pos + time_len <= uart_buffer_index) {
    2012:	ee 23       	and	r30, r30
    2014:	61 f0       	breq	.+24     	; 0x202e <_Z18processUartCommandv+0x368>
    2016:	4e 2f       	mov	r20, r30
    2018:	50 e0       	ldi	r21, 0x00	; 0
    201a:	48 0f       	add	r20, r24
    201c:	51 1d       	adc	r21, r1
    201e:	20 91 d5 06 	lds	r18, 0x06D5	; 0x8006d5 <uart_buffer_index>
    2022:	30 e0       	ldi	r19, 0x00	; 0
    2024:	24 17       	cp	r18, r20
    2026:	35 07       	cpc	r19, r21
    2028:	24 f4       	brge	.+8      	; 0x2032 <_Z18processUartCommandv+0x36c>
    202a:	90 e0       	ldi	r25, 0x00	; 0
    202c:	03 c0       	rjmp	.+6      	; 0x2034 <_Z18processUartCommandv+0x36e>
    202e:	90 e0       	ldi	r25, 0x00	; 0
    2030:	01 c0       	rjmp	.+2      	; 0x2034 <_Z18processUartCommandv+0x36e>
    2032:	91 e0       	ldi	r25, 0x01	; 1
    2034:	99 23       	and	r25, r25
    2036:	19 f0       	breq	.+6      	; 0x203e <_Z18processUartCommandv+0x378>
                        pos += time_len;
    2038:	28 2f       	mov	r18, r24
    203a:	2e 0f       	add	r18, r30
    203c:	01 c0       	rjmp	.+2      	; 0x2040 <_Z18processUartCommandv+0x37a>
                if (pos < uart_buffer_index) {
                    display_backlight_brightness = uart_buffer[pos++];
                }
                // Time (optionnel - skip)
                if (pos < uart_buffer_index) {
                    uint8_t time_len = uart_buffer[pos++];
    203e:	28 2f       	mov	r18, r24
                    if (time_len > 0 && pos + time_len <= uart_buffer_index) {
                        pos += time_len;
                    }
                }
                // Appareil connecté (optionnel)
                if (pos < uart_buffer_index) {
    2040:	80 91 d5 06 	lds	r24, 0x06D5	; 0x8006d5 <uart_buffer_index>
    2044:	28 17       	cp	r18, r24
    2046:	a8 f5       	brcc	.+106    	; 0x20b2 <_Z18processUartCommandv+0x3ec>
                    uint8_t device_len = uart_buffer[pos++];
    2048:	01 e0       	ldi	r16, 0x01	; 1
    204a:	02 0f       	add	r16, r18
    204c:	e2 2f       	mov	r30, r18
    204e:	f0 e0       	ldi	r31, 0x00	; 0
    2050:	ea 52       	subi	r30, 0x2A	; 42
    2052:	f9 4f       	sbci	r31, 0xF9	; 249
    2054:	10 81       	ld	r17, Z
                    if (device_len > 0 && device_len < 32 && pos + device_len <= uart_buffer_index) {
    2056:	8f ef       	ldi	r24, 0xFF	; 255
    2058:	81 0f       	add	r24, r17
    205a:	8f 31       	cpi	r24, 0x1F	; 31
    205c:	60 f4       	brcc	.+24     	; 0x2076 <_Z18processUartCommandv+0x3b0>
    205e:	21 2f       	mov	r18, r17
    2060:	30 e0       	ldi	r19, 0x00	; 0
    2062:	20 0f       	add	r18, r16
    2064:	31 1d       	adc	r19, r1
    2066:	80 91 d5 06 	lds	r24, 0x06D5	; 0x8006d5 <uart_buffer_index>
    206a:	90 e0       	ldi	r25, 0x00	; 0
    206c:	82 17       	cp	r24, r18
    206e:	93 07       	cpc	r25, r19
    2070:	24 f4       	brge	.+8      	; 0x207a <_Z18processUartCommandv+0x3b4>
    2072:	80 e0       	ldi	r24, 0x00	; 0
    2074:	03 c0       	rjmp	.+6      	; 0x207c <_Z18processUartCommandv+0x3b6>
    2076:	80 e0       	ldi	r24, 0x00	; 0
    2078:	01 c0       	rjmp	.+2      	; 0x207c <_Z18processUartCommandv+0x3b6>
    207a:	81 e0       	ldi	r24, 0x01	; 1
    207c:	88 23       	and	r24, r24
    207e:	91 f0       	breq	.+36     	; 0x20a4 <_Z18processUartCommandv+0x3de>
                        memcpy((void*)display_connected_device, (const void*)&uart_buffer[pos], device_len);
    2080:	e1 2e       	mov	r14, r17
    2082:	f1 2c       	mov	r15, r1
    2084:	60 2f       	mov	r22, r16
    2086:	70 e0       	ldi	r23, 0x00	; 0
    2088:	6a 52       	subi	r22, 0x2A	; 42
    208a:	79 4f       	sbci	r23, 0xF9	; 249
    208c:	a7 01       	movw	r20, r14
    208e:	8d e0       	ldi	r24, 0x0D	; 13
    2090:	95 e0       	ldi	r25, 0x05	; 5
    2092:	0e 94 08 16 	call	0x2c10	; 0x2c10 <memcpy>
                        display_connected_device[device_len] = '\0';
    2096:	f7 01       	movw	r30, r14
    2098:	e3 5f       	subi	r30, 0xF3	; 243
    209a:	fa 4f       	sbci	r31, 0xFA	; 250
    209c:	10 82       	st	Z, r1
                        pos += device_len;
    209e:	20 2f       	mov	r18, r16
    20a0:	21 0f       	add	r18, r17
    20a2:	07 c0       	rjmp	.+14     	; 0x20b2 <_Z18processUartCommandv+0x3ec>
                    } else if (device_len == 0) {
    20a4:	11 11       	cpse	r17, r1
    20a6:	04 c0       	rjmp	.+8      	; 0x20b0 <_Z18processUartCommandv+0x3ea>
                        display_connected_device[0] = '\0';
    20a8:	10 92 0d 05 	sts	0x050D, r1	; 0x80050d <display_connected_device>
                        pos += time_len;
                    }
                }
                // Appareil connecté (optionnel)
                if (pos < uart_buffer_index) {
                    uint8_t device_len = uart_buffer[pos++];
    20ac:	20 2f       	mov	r18, r16
    20ae:	01 c0       	rjmp	.+2      	; 0x20b2 <_Z18processUartCommandv+0x3ec>
    20b0:	20 2f       	mov	r18, r16
                    } else if (device_len == 0) {
                        display_connected_device[0] = '\0';
                    }
                }

                if (pos < uart_buffer_index) {
    20b2:	80 91 d5 06 	lds	r24, 0x06D5	; 0x8006d5 <uart_buffer_index>
    20b6:	28 17       	cp	r18, r24
    20b8:	88 f5       	brcc	.+98     	; 0x211c <_Z18processUartCommandv+0x456>
                    uint8_t c1len = uart_buffer[pos];
    20ba:	e2 2f       	mov	r30, r18
    20bc:	f0 e0       	ldi	r31, 0x00	; 0
    20be:	ea 52       	subi	r30, 0x2A	; 42
    20c0:	f9 4f       	sbci	r31, 0xF9	; 249
    20c2:	50 81       	ld	r21, Z
                    if (c1len <= 21 && pos + 1u + c1len <= uart_buffer_index) {
    20c4:	56 31       	cpi	r21, 0x16	; 22
    20c6:	68 f4       	brcc	.+26     	; 0x20e2 <_Z18processUartCommandv+0x41c>
    20c8:	85 2f       	mov	r24, r21
    20ca:	90 e0       	ldi	r25, 0x00	; 0
    20cc:	82 0f       	add	r24, r18
    20ce:	91 1d       	adc	r25, r1
    20d0:	01 96       	adiw	r24, 0x01	; 1
    20d2:	60 91 d5 06 	lds	r22, 0x06D5	; 0x8006d5 <uart_buffer_index>
    20d6:	70 e0       	ldi	r23, 0x00	; 0
    20d8:	68 17       	cp	r22, r24
    20da:	79 07       	cpc	r23, r25
    20dc:	20 f4       	brcc	.+8      	; 0x20e6 <_Z18processUartCommandv+0x420>
    20de:	80 e0       	ldi	r24, 0x00	; 0
    20e0:	03 c0       	rjmp	.+6      	; 0x20e8 <_Z18processUartCommandv+0x422>
    20e2:	80 e0       	ldi	r24, 0x00	; 0
    20e4:	01 c0       	rjmp	.+2      	; 0x20e8 <_Z18processUartCommandv+0x422>
    20e6:	81 e0       	ldi	r24, 0x01	; 1
    20e8:	88 23       	and	r24, r24
    20ea:	c1 f0       	breq	.+48     	; 0x211c <_Z18processUartCommandv+0x456>
                        pos++;
    20ec:	2f 5f       	subi	r18, 0xFF	; 255
                        for (uint8_t i = 0; i < c1len; i++) {
    20ee:	30 e0       	ldi	r19, 0x00	; 0
    20f0:	35 17       	cp	r19, r21
    20f2:	70 f4       	brcc	.+28     	; 0x2110 <_Z18processUartCommandv+0x44a>
                            display_custom1[i] = uart_buffer[pos + i];
    20f4:	83 2f       	mov	r24, r19
    20f6:	90 e0       	ldi	r25, 0x00	; 0
    20f8:	fc 01       	movw	r30, r24
    20fa:	e2 0f       	add	r30, r18
    20fc:	f1 1d       	adc	r31, r1
    20fe:	ea 52       	subi	r30, 0x2A	; 42
    2100:	f9 4f       	sbci	r31, 0xF9	; 249
    2102:	40 81       	ld	r20, Z
    2104:	fc 01       	movw	r30, r24
    2106:	e4 51       	subi	r30, 0x14	; 20
    2108:	fb 4f       	sbci	r31, 0xFB	; 251
    210a:	40 83       	st	Z, r20

                if (pos < uart_buffer_index) {
                    uint8_t c1len = uart_buffer[pos];
                    if (c1len <= 21 && pos + 1u + c1len <= uart_buffer_index) {
                        pos++;
                        for (uint8_t i = 0; i < c1len; i++) {
    210c:	3f 5f       	subi	r19, 0xFF	; 255
    210e:	f0 cf       	rjmp	.-32     	; 0x20f0 <_Z18processUartCommandv+0x42a>
                            display_custom1[i] = uart_buffer[pos + i];
                        }
                        display_custom1[c1len] = '\0';
    2110:	e5 2f       	mov	r30, r21
    2112:	f0 e0       	ldi	r31, 0x00	; 0
    2114:	e4 51       	subi	r30, 0x14	; 20
    2116:	fb 4f       	sbci	r31, 0xFB	; 251
    2118:	10 82       	st	Z, r1
                        pos = (uint8_t)(pos + c1len);
    211a:	25 0f       	add	r18, r21
                    }
                }
                if (pos < uart_buffer_index) {
    211c:	80 91 d5 06 	lds	r24, 0x06D5	; 0x8006d5 <uart_buffer_index>
    2120:	28 17       	cp	r18, r24
    2122:	80 f5       	brcc	.+96     	; 0x2184 <_Z18processUartCommandv+0x4be>
                    uint8_t c2len = uart_buffer[pos];
    2124:	e2 2f       	mov	r30, r18
    2126:	f0 e0       	ldi	r31, 0x00	; 0
    2128:	ea 52       	subi	r30, 0x2A	; 42
    212a:	f9 4f       	sbci	r31, 0xF9	; 249
    212c:	50 81       	ld	r21, Z
                    if (c2len <= 21 && pos + 1u + c2len <= uart_buffer_index) {
    212e:	56 31       	cpi	r21, 0x16	; 22
    2130:	68 f4       	brcc	.+26     	; 0x214c <_Z18processUartCommandv+0x486>
    2132:	85 2f       	mov	r24, r21
    2134:	90 e0       	ldi	r25, 0x00	; 0
    2136:	82 0f       	add	r24, r18
    2138:	91 1d       	adc	r25, r1
    213a:	01 96       	adiw	r24, 0x01	; 1
    213c:	60 91 d5 06 	lds	r22, 0x06D5	; 0x8006d5 <uart_buffer_index>
    2140:	70 e0       	ldi	r23, 0x00	; 0
    2142:	68 17       	cp	r22, r24
    2144:	79 07       	cpc	r23, r25
    2146:	20 f4       	brcc	.+8      	; 0x2150 <_Z18processUartCommandv+0x48a>
    2148:	80 e0       	ldi	r24, 0x00	; 0
    214a:	03 c0       	rjmp	.+6      	; 0x2152 <_Z18processUartCommandv+0x48c>
    214c:	80 e0       	ldi	r24, 0x00	; 0
    214e:	01 c0       	rjmp	.+2      	; 0x2152 <_Z18processUartCommandv+0x48c>
    2150:	81 e0       	ldi	r24, 0x01	; 1
    2152:	88 23       	and	r24, r24
    2154:	b9 f0       	breq	.+46     	; 0x2184 <_Z18processUartCommandv+0x4be>
                        pos++;
    2156:	2f 5f       	subi	r18, 0xFF	; 255
                        for (uint8_t i = 0; i < c2len; i++) {
    2158:	30 e0       	ldi	r19, 0x00	; 0
    215a:	35 17       	cp	r19, r21
    215c:	70 f4       	brcc	.+28     	; 0x217a <_Z18processUartCommandv+0x4b4>
                            display_custom2[i] = uart_buffer[pos + i];
    215e:	83 2f       	mov	r24, r19
    2160:	90 e0       	ldi	r25, 0x00	; 0
    2162:	fc 01       	movw	r30, r24
    2164:	e2 0f       	add	r30, r18
    2166:	f1 1d       	adc	r31, r1
    2168:	ea 52       	subi	r30, 0x2A	; 42
    216a:	f9 4f       	sbci	r31, 0xF9	; 249
    216c:	40 81       	ld	r20, Z
    216e:	fc 01       	movw	r30, r24
    2170:	e4 53       	subi	r30, 0x34	; 52
    2172:	fb 4f       	sbci	r31, 0xFB	; 251
    2174:	40 83       	st	Z, r20
                }
                if (pos < uart_buffer_index) {
                    uint8_t c2len = uart_buffer[pos];
                    if (c2len <= 21 && pos + 1u + c2len <= uart_buffer_index) {
                        pos++;
                        for (uint8_t i = 0; i < c2len; i++) {
    2176:	3f 5f       	subi	r19, 0xFF	; 255
    2178:	f0 cf       	rjmp	.-32     	; 0x215a <_Z18processUartCommandv+0x494>
                            display_custom2[i] = uart_buffer[pos + i];
                        }
                        display_custom2[c2len] = '\0';
    217a:	e5 2f       	mov	r30, r21
    217c:	f0 e0       	ldi	r31, 0x00	; 0
    217e:	e4 53       	subi	r30, 0x34	; 52
    2180:	fb 4f       	sbci	r31, 0xFB	; 251
    2182:	10 82       	st	Z, r1
                        pos = (uint8_t)(pos + c2len);
                    }
                }

                const uint8_t was_bitmap = (strcmp(last_disp_mode, "image") == 0 || strcmp(last_disp_mode, "gif") == 0) ? 1u : 0u;
    2184:	6e ed       	ldi	r22, 0xDE	; 222
    2186:	71 e0       	ldi	r23, 0x01	; 1
    2188:	80 e0       	ldi	r24, 0x00	; 0
    218a:	91 e0       	ldi	r25, 0x01	; 1
    218c:	0e 94 11 16 	call	0x2c22	; 0x2c22 <strcmp>
    2190:	89 2b       	or	r24, r25
    2192:	51 f0       	breq	.+20     	; 0x21a8 <_Z18processUartCommandv+0x4e2>
    2194:	64 ee       	ldi	r22, 0xE4	; 228
    2196:	71 e0       	ldi	r23, 0x01	; 1
    2198:	80 e0       	ldi	r24, 0x00	; 0
    219a:	91 e0       	ldi	r25, 0x01	; 1
    219c:	0e 94 11 16 	call	0x2c22	; 0x2c22 <strcmp>
    21a0:	89 2b       	or	r24, r25
    21a2:	21 f4       	brne	.+8      	; 0x21ac <_Z18processUartCommandv+0x4e6>
    21a4:	11 e0       	ldi	r17, 0x01	; 1
    21a6:	03 c0       	rjmp	.+6      	; 0x21ae <_Z18processUartCommandv+0x4e8>
    21a8:	11 e0       	ldi	r17, 0x01	; 1
    21aa:	01 c0       	rjmp	.+2      	; 0x21ae <_Z18processUartCommandv+0x4e8>
    21ac:	10 e0       	ldi	r17, 0x00	; 0
                if (strcmp((char*)display_mode, "data") == 0 && was_bitmap) {
    21ae:	63 ed       	ldi	r22, 0xD3	; 211
    21b0:	72 e0       	ldi	r23, 0x02	; 2
    21b2:	89 e4       	ldi	r24, 0x49	; 73
    21b4:	91 e0       	ldi	r25, 0x01	; 1
    21b6:	0e 94 11 16 	call	0x2c22	; 0x2c22 <strcmp>
    21ba:	89 2b       	or	r24, r25
    21bc:	29 f4       	brne	.+10     	; 0x21c8 <_Z18processUartCommandv+0x502>
    21be:	11 23       	and	r17, r17
    21c0:	19 f0       	breq	.+6      	; 0x21c8 <_Z18processUartCommandv+0x502>
                    display_force_ui_reset = 1;
    21c2:	81 e0       	ldi	r24, 0x01	; 1
    21c4:	80 93 c9 04 	sts	0x04C9, r24	; 0x8004c9 <display_force_ui_reset>
                }
                strncpy(last_disp_mode, (char*)display_mode, 15);
    21c8:	4f e0       	ldi	r20, 0x0F	; 15
    21ca:	50 e0       	ldi	r21, 0x00	; 0
    21cc:	69 e4       	ldi	r22, 0x49	; 73
    21ce:	71 e0       	ldi	r23, 0x01	; 1
    21d0:	80 e0       	ldi	r24, 0x00	; 0
    21d2:	91 e0       	ldi	r25, 0x01	; 1
    21d4:	0e 94 1a 16 	call	0x2c34	; 0x2c34 <strncpy>
                last_disp_mode[15] = '\0';
    21d8:	10 92 0f 01 	sts	0x010F, r1	; 0x80010f <__DATA_REGION_ORIGIN__+0xf>

                /* Toute écriture SPI sort le ST7789 de SLPIN — ne pas rafraîchir tant que veille volontaire. */
                if (!tft_panel_asleep) {
    21dc:	80 91 ca 04 	lds	r24, 0x04CA	; 0x8004ca <_ZL16tft_panel_asleep>
    21e0:	81 11       	cpse	r24, r1
    21e2:	2c c0       	rjmp	.+88     	; 0x223c <_Z18processUartCommandv+0x576>
                    if (strcmp((char*)display_mode, "data") == 0) {
    21e4:	63 ed       	ldi	r22, 0xD3	; 211
    21e6:	72 e0       	ldi	r23, 0x02	; 2
    21e8:	89 e4       	ldi	r24, 0x49	; 73
    21ea:	91 e0       	ldi	r25, 0x01	; 1
    21ec:	0e 94 11 16 	call	0x2c22	; 0x2c22 <strcmp>
    21f0:	89 2b       	or	r24, r25
    21f2:	41 f4       	brne	.+16     	; 0x2204 <_Z18processUartCommandv+0x53e>
                        if (!image_receiving) {
    21f4:	80 91 3f 05 	lds	r24, 0x053F	; 0x80053f <image_receiving>
    21f8:	81 11       	cpse	r24, r1
    21fa:	20 c0       	rjmp	.+64     	; 0x223c <_Z18processUartCommandv+0x576>
                            display_update_partial(1);
    21fc:	81 e0       	ldi	r24, 0x01	; 1
    21fe:	0e 94 20 0a 	call	0x1440	; 0x1440 <_Z22display_update_partialh>
    2202:	1c c0       	rjmp	.+56     	; 0x223c <_Z18processUartCommandv+0x576>
                        }
                    } else if ((strcmp((char*)display_mode, "image") == 0 || strcmp((char*)display_mode, "gif") == 0) && !image_receiving) {
    2204:	6e ed       	ldi	r22, 0xDE	; 222
    2206:	71 e0       	ldi	r23, 0x01	; 1
    2208:	89 e4       	ldi	r24, 0x49	; 73
    220a:	91 e0       	ldi	r25, 0x01	; 1
    220c:	0e 94 11 16 	call	0x2c22	; 0x2c22 <strcmp>
    2210:	89 2b       	or	r24, r25
    2212:	41 f0       	breq	.+16     	; 0x2224 <_Z18processUartCommandv+0x55e>
    2214:	64 ee       	ldi	r22, 0xE4	; 228
    2216:	71 e0       	ldi	r23, 0x01	; 1
    2218:	89 e4       	ldi	r24, 0x49	; 73
    221a:	91 e0       	ldi	r25, 0x01	; 1
    221c:	0e 94 11 16 	call	0x2c22	; 0x2c22 <strcmp>
    2220:	89 2b       	or	r24, r25
    2222:	31 f4       	brne	.+12     	; 0x2230 <_Z18processUartCommandv+0x56a>
    2224:	80 91 3f 05 	lds	r24, 0x053F	; 0x80053f <image_receiving>
    2228:	88 23       	and	r24, r24
    222a:	21 f0       	breq	.+8      	; 0x2234 <_Z18processUartCommandv+0x56e>
    222c:	80 e0       	ldi	r24, 0x00	; 0
    222e:	03 c0       	rjmp	.+6      	; 0x2236 <_Z18processUartCommandv+0x570>
    2230:	80 e0       	ldi	r24, 0x00	; 0
    2232:	01 c0       	rjmp	.+2      	; 0x2236 <_Z18processUartCommandv+0x570>
    2234:	81 e0       	ldi	r24, 0x01	; 1
    2236:	81 11       	cpse	r24, r1
                        display_draw_image_footer();
    2238:	0e 94 8e 08 	call	0x111c	; 0x111c <_Z25display_draw_image_footerv>
                    }
                }
                apply_display_backlight_from_esp32_consider_sleep();
    223c:	0e 94 52 02 	call	0x4a4	; 0x4a4 <_ZL49apply_display_backlight_from_esp32_consider_sleepv>
    2240:	cd c2       	rjmp	.+1434   	; 0x27dc <_Z18processUartCommandv+0xb16>
            }
            break;
        }
            
        case CMD_SET_LAST_KEY:
            if (uart_buffer_index >= 2) {
    2242:	80 91 d5 06 	lds	r24, 0x06D5	; 0x8006d5 <uart_buffer_index>
    2246:	82 30       	cpi	r24, 0x02	; 2
    2248:	08 f4       	brcc	.+2      	; 0x224c <_Z18processUartCommandv+0x586>
    224a:	c8 c2       	rjmp	.+1424   	; 0x27dc <_Z18processUartCommandv+0xb16>
                uint8_t last_key_len = uart_buffer[1];
    224c:	10 91 d7 06 	lds	r17, 0x06D7	; 0x8006d7 <uart_buffer+0x1>
                uint8_t pos = 2;
                if (last_key_len < 16) {
    2250:	10 31       	cpi	r17, 0x10	; 16
    2252:	08 f0       	brcs	.+2      	; 0x2256 <_Z18processUartCommandv+0x590>
    2254:	c3 c2       	rjmp	.+1414   	; 0x27dc <_Z18processUartCommandv+0xb16>
                    if (last_key_len > 0 && (pos + last_key_len) <= uart_buffer_index) {
    2256:	11 23       	and	r17, r17
    2258:	61 f0       	breq	.+24     	; 0x2272 <_Z18processUartCommandv+0x5ac>
    225a:	21 2f       	mov	r18, r17
    225c:	30 e0       	ldi	r19, 0x00	; 0
    225e:	2e 5f       	subi	r18, 0xFE	; 254
    2260:	3f 4f       	sbci	r19, 0xFF	; 255
    2262:	80 91 d5 06 	lds	r24, 0x06D5	; 0x8006d5 <uart_buffer_index>
    2266:	90 e0       	ldi	r25, 0x00	; 0
    2268:	82 17       	cp	r24, r18
    226a:	93 07       	cpc	r25, r19
    226c:	24 f4       	brge	.+8      	; 0x2276 <_Z18processUartCommandv+0x5b0>
    226e:	80 e0       	ldi	r24, 0x00	; 0
    2270:	03 c0       	rjmp	.+6      	; 0x2278 <_Z18processUartCommandv+0x5b2>
    2272:	80 e0       	ldi	r24, 0x00	; 0
    2274:	01 c0       	rjmp	.+2      	; 0x2278 <_Z18processUartCommandv+0x5b2>
    2276:	81 e0       	ldi	r24, 0x01	; 1
    2278:	88 23       	and	r24, r24
    227a:	79 f0       	breq	.+30     	; 0x229a <_Z18processUartCommandv+0x5d4>
                        memcpy((void*)display_last_key, (const void*)&uart_buffer[pos], last_key_len);
    227c:	e1 2e       	mov	r14, r17
    227e:	f1 2c       	mov	r15, r1
    2280:	a7 01       	movw	r20, r14
    2282:	68 ed       	ldi	r22, 0xD8	; 216
    2284:	76 e0       	ldi	r23, 0x06	; 6
    2286:	8d e2       	ldi	r24, 0x2D	; 45
    2288:	95 e0       	ldi	r25, 0x05	; 5
    228a:	0e 94 08 16 	call	0x2c10	; 0x2c10 <memcpy>
                        display_last_key[last_key_len] = '\0';
    228e:	f7 01       	movw	r30, r14
    2290:	e3 5d       	subi	r30, 0xD3	; 211
    2292:	fa 4f       	sbci	r31, 0xFA	; 250
    2294:	10 82       	st	Z, r1
                        pos += last_key_len;
    2296:	1e 5f       	subi	r17, 0xFE	; 254
    2298:	07 c0       	rjmp	.+14     	; 0x22a8 <_Z18processUartCommandv+0x5e2>
                    } else if (last_key_len == 0) {
    229a:	11 11       	cpse	r17, r1
    229c:	04 c0       	rjmp	.+8      	; 0x22a6 <_Z18processUartCommandv+0x5e0>
                        display_last_key[0] = '\0';
    229e:	10 92 2d 05 	sts	0x052D, r1	; 0x80052d <display_last_key>
        }
            
        case CMD_SET_LAST_KEY:
            if (uart_buffer_index >= 2) {
                uint8_t last_key_len = uart_buffer[1];
                uint8_t pos = 2;
    22a2:	12 e0       	ldi	r17, 0x02	; 2
    22a4:	01 c0       	rjmp	.+2      	; 0x22a8 <_Z18processUartCommandv+0x5e2>
    22a6:	12 e0       	ldi	r17, 0x02	; 2
                        display_last_key[last_key_len] = '\0';
                        pos += last_key_len;
                    } else if (last_key_len == 0) {
                        display_last_key[0] = '\0';
                    }
                    if (pos + 2 <= uart_buffer_index) {
    22a8:	21 2f       	mov	r18, r17
    22aa:	30 e0       	ldi	r19, 0x00	; 0
    22ac:	a9 01       	movw	r20, r18
    22ae:	4e 5f       	subi	r20, 0xFE	; 254
    22b0:	5f 4f       	sbci	r21, 0xFF	; 255
    22b2:	80 91 d5 06 	lds	r24, 0x06D5	; 0x8006d5 <uart_buffer_index>
    22b6:	90 e0       	ldi	r25, 0x00	; 0
    22b8:	84 17       	cp	r24, r20
    22ba:	95 07       	cpc	r25, r21
    22bc:	74 f0       	brlt	.+28     	; 0x22da <_Z18processUartCommandv+0x614>
                        display_backlight_enabled = uart_buffer[pos++];
    22be:	1f 5f       	subi	r17, 0xFF	; 255
    22c0:	f9 01       	movw	r30, r18
    22c2:	ea 52       	subi	r30, 0x2A	; 42
    22c4:	f9 4f       	sbci	r31, 0xF9	; 249
    22c6:	80 81       	ld	r24, Z
    22c8:	80 93 3d 05 	sts	0x053D, r24	; 0x80053d <display_backlight_enabled>
                        display_backlight_brightness = uart_buffer[pos++];
    22cc:	e1 2f       	mov	r30, r17
    22ce:	f0 e0       	ldi	r31, 0x00	; 0
    22d0:	ea 52       	subi	r30, 0x2A	; 42
    22d2:	f9 4f       	sbci	r31, 0xF9	; 249
    22d4:	80 81       	ld	r24, Z
    22d6:	80 93 0c 05 	sts	0x050C, r24	; 0x80050c <display_backlight_brightness>
                    }
                    if (!tft_panel_asleep) {
    22da:	80 91 ca 04 	lds	r24, 0x04CA	; 0x8004ca <_ZL16tft_panel_asleep>
    22de:	81 11       	cpse	r24, r1
    22e0:	32 c0       	rjmp	.+100    	; 0x2346 <_Z18processUartCommandv+0x680>
                        if (!image_receiving && strcmp((char*)display_mode, "data") == 0) {
    22e2:	80 91 3f 05 	lds	r24, 0x053F	; 0x80053f <image_receiving>
    22e6:	81 11       	cpse	r24, r1
    22e8:	0a c0       	rjmp	.+20     	; 0x22fe <_Z18processUartCommandv+0x638>
    22ea:	63 ed       	ldi	r22, 0xD3	; 211
    22ec:	72 e0       	ldi	r23, 0x02	; 2
    22ee:	89 e4       	ldi	r24, 0x49	; 73
    22f0:	91 e0       	ldi	r25, 0x01	; 1
    22f2:	0e 94 11 16 	call	0x2c22	; 0x2c22 <strcmp>
    22f6:	89 2b       	or	r24, r25
    22f8:	21 f0       	breq	.+8      	; 0x2302 <_Z18processUartCommandv+0x63c>
    22fa:	10 e0       	ldi	r17, 0x00	; 0
    22fc:	03 c0       	rjmp	.+6      	; 0x2304 <_Z18processUartCommandv+0x63e>
    22fe:	10 e0       	ldi	r17, 0x00	; 0
    2300:	01 c0       	rjmp	.+2      	; 0x2304 <_Z18processUartCommandv+0x63e>
    2302:	11 e0       	ldi	r17, 0x01	; 1
    2304:	11 23       	and	r17, r17
    2306:	21 f0       	breq	.+8      	; 0x2310 <_Z18processUartCommandv+0x64a>
                            display_update_partial(1);
    2308:	81 e0       	ldi	r24, 0x01	; 1
    230a:	0e 94 20 0a 	call	0x1440	; 0x1440 <_Z22display_update_partialh>
    230e:	1b c0       	rjmp	.+54     	; 0x2346 <_Z18processUartCommandv+0x680>
                        } else if (!image_receiving && (strcmp((char*)display_mode, "image") == 0 || strcmp((char*)display_mode, "gif") == 0)) {
    2310:	80 91 3f 05 	lds	r24, 0x053F	; 0x80053f <image_receiving>
    2314:	81 11       	cpse	r24, r1
    2316:	14 c0       	rjmp	.+40     	; 0x2340 <_Z18processUartCommandv+0x67a>
    2318:	6e ed       	ldi	r22, 0xDE	; 222
    231a:	71 e0       	ldi	r23, 0x01	; 1
    231c:	89 e4       	ldi	r24, 0x49	; 73
    231e:	91 e0       	ldi	r25, 0x01	; 1
    2320:	0e 94 11 16 	call	0x2c22	; 0x2c22 <strcmp>
    2324:	89 2b       	or	r24, r25
    2326:	49 f0       	breq	.+18     	; 0x233a <_Z18processUartCommandv+0x674>
    2328:	64 ee       	ldi	r22, 0xE4	; 228
    232a:	71 e0       	ldi	r23, 0x01	; 1
    232c:	89 e4       	ldi	r24, 0x49	; 73
    232e:	91 e0       	ldi	r25, 0x01	; 1
    2330:	0e 94 11 16 	call	0x2c22	; 0x2c22 <strcmp>
    2334:	89 2b       	or	r24, r25
    2336:	19 f0       	breq	.+6      	; 0x233e <_Z18processUartCommandv+0x678>
    2338:	03 c0       	rjmp	.+6      	; 0x2340 <_Z18processUartCommandv+0x67a>
    233a:	11 e0       	ldi	r17, 0x01	; 1
    233c:	01 c0       	rjmp	.+2      	; 0x2340 <_Z18processUartCommandv+0x67a>
    233e:	11 e0       	ldi	r17, 0x01	; 1
    2340:	11 11       	cpse	r17, r1
                            display_draw_image_footer();
    2342:	0e 94 8e 08 	call	0x111c	; 0x111c <_Z25display_draw_image_footerv>
                        }
                    }
                    apply_display_backlight_from_esp32_consider_sleep();
    2346:	0e 94 52 02 	call	0x4a4	; 0x4a4 <_ZL49apply_display_backlight_from_esp32_consider_sleepv>
    234a:	48 c2       	rjmp	.+1168   	; 0x27dc <_Z18processUartCommandv+0xb16>
                }
            }
            break;
            
        case CMD_PREPARE_SLEEP:
            if (display_initialized) {
    234c:	80 91 cb 04 	lds	r24, 0x04CB	; 0x8004cb <display_initialized>
    2350:	88 23       	and	r24, r24
    2352:	51 f0       	breq	.+20     	; 0x2368 <_Z18processUartCommandv+0x6a2>
                st7789_write_cmd(ST7789_SLPIN);
    2354:	80 e1       	ldi	r24, 0x10	; 16
    2356:	0e 94 86 02 	call	0x50c	; 0x50c <_Z16st7789_write_cmdh>
	#else
		//round up by default
		__ticks_dc = (uint32_t)(ceil(fabs(__tmp)));
	#endif

	__builtin_avr_delay_cycles(__ticks_dc);
    235a:	8f e3       	ldi	r24, 0x3F	; 63
    235c:	9c e9       	ldi	r25, 0x9C	; 156
    235e:	01 97       	sbiw	r24, 0x01	; 1
    2360:	f1 f7       	brne	.-4      	; 0x235e <_Z18processUartCommandv+0x698>
    2362:	00 c0       	rjmp	.+0      	; 0x2364 <_Z18processUartCommandv+0x69e>
    2364:	00 00       	nop
    2366:	3a c2       	rjmp	.+1140   	; 0x27dc <_Z18processUartCommandv+0xb16>
                _delay_ms(20);
            } else {
                backlight_shutdown_for_panel_sleep();
    2368:	0e 94 48 02 	call	0x490	; 0x490 <_ZL34backlight_shutdown_for_panel_sleepv>
    236c:	37 c2       	rjmp	.+1134   	; 0x27dc <_Z18processUartCommandv+0xb16>

        case CMD_RESUME_FROM_SLEEP: {
            /* Si SET_DISPLAY_DATA est passé pendant SLPIN, le dessin a été sauté : réveil seul ne repeint pas. */
            uint8_t did_wake_panel = 0;
            // Panneau en SLPIN : sortie explicite (ne pas passer par st7789_write_cmd(SLPIN)).
            if (tft_panel_asleep && display_initialized) {
    236e:	80 91 ca 04 	lds	r24, 0x04CA	; 0x8004ca <_ZL16tft_panel_asleep>
    2372:	88 23       	and	r24, r24
    2374:	29 f0       	breq	.+10     	; 0x2380 <_Z18processUartCommandv+0x6ba>
    2376:	80 91 cb 04 	lds	r24, 0x04CB	; 0x8004cb <display_initialized>
    237a:	81 11       	cpse	r24, r1
    237c:	03 c0       	rjmp	.+6      	; 0x2384 <_Z18processUartCommandv+0x6be>
    237e:	03 c0       	rjmp	.+6      	; 0x2386 <_Z18processUartCommandv+0x6c0>
    2380:	80 e0       	ldi	r24, 0x00	; 0
    2382:	01 c0       	rjmp	.+2      	; 0x2386 <_Z18processUartCommandv+0x6c0>
    2384:	81 e0       	ldi	r24, 0x01	; 1
    2386:	88 23       	and	r24, r24
    2388:	11 f1       	breq	.+68     	; 0x23ce <_Z18processUartCommandv+0x708>
                did_wake_panel = 1;
                ST7789_CS_PORT &= ~(1 << ST7789_CS_PIN);
    238a:	85 b1       	in	r24, 0x05	; 5
    238c:	8b 7f       	andi	r24, 0xFB	; 251
    238e:	85 b9       	out	0x05, r24	; 5
                ST7789_DC_PORT &= ~(1 << ST7789_DC_PIN);
    2390:	85 b1       	in	r24, 0x05	; 5
    2392:	8d 7f       	andi	r24, 0xFD	; 253
    2394:	85 b9       	out	0x05, r24	; 5
                spi_write(ST7789_SLPOUT);
    2396:	81 e1       	ldi	r24, 0x11	; 17
    2398:	0e 94 81 02 	call	0x502	; 0x502 <_Z9spi_writeh>
                ST7789_CS_PORT |= (1 << ST7789_CS_PIN);
    239c:	85 b1       	in	r24, 0x05	; 5
    239e:	84 60       	ori	r24, 0x04	; 4
    23a0:	85 b9       	out	0x05, r24	; 5
    23a2:	9f ef       	ldi	r25, 0xFF	; 255
    23a4:	2d ee       	ldi	r18, 0xED	; 237
    23a6:	42 e0       	ldi	r20, 0x02	; 2
    23a8:	91 50       	subi	r25, 0x01	; 1
    23aa:	20 40       	sbci	r18, 0x00	; 0
    23ac:	40 40       	sbci	r20, 0x00	; 0
    23ae:	e1 f7       	brne	.-8      	; 0x23a8 <_Z18processUartCommandv+0x6e2>
    23b0:	00 c0       	rjmp	.+0      	; 0x23b2 <_Z18processUartCommandv+0x6ec>
    23b2:	00 00       	nop
                _delay_ms(120);
                tft_panel_asleep = 0;
    23b4:	10 92 ca 04 	sts	0x04CA, r1	; 0x8004ca <_ZL16tft_panel_asleep>
                st7789_write_cmd(ST7789_DISPON);
    23b8:	89 e2       	ldi	r24, 0x29	; 41
    23ba:	0e 94 86 02 	call	0x50c	; 0x50c <_Z16st7789_write_cmdh>
    23be:	8f e3       	ldi	r24, 0x3F	; 63
    23c0:	9c e9       	ldi	r25, 0x9C	; 156
    23c2:	01 97       	sbiw	r24, 0x01	; 1
    23c4:	f1 f7       	brne	.-4      	; 0x23c2 <_Z18processUartCommandv+0x6fc>
    23c6:	00 c0       	rjmp	.+0      	; 0x23c8 <_Z18processUartCommandv+0x702>
    23c8:	00 00       	nop
        case CMD_RESUME_FROM_SLEEP: {
            /* Si SET_DISPLAY_DATA est passé pendant SLPIN, le dessin a été sauté : réveil seul ne repeint pas. */
            uint8_t did_wake_panel = 0;
            // Panneau en SLPIN : sortie explicite (ne pas passer par st7789_write_cmd(SLPIN)).
            if (tft_panel_asleep && display_initialized) {
                did_wake_panel = 1;
    23ca:	11 e0       	ldi	r17, 0x01	; 1
    23cc:	01 c0       	rjmp	.+2      	; 0x23d0 <_Z18processUartCommandv+0x70a>
            }
            break;

        case CMD_RESUME_FROM_SLEEP: {
            /* Si SET_DISPLAY_DATA est passé pendant SLPIN, le dessin a été sauté : réveil seul ne repeint pas. */
            uint8_t did_wake_panel = 0;
    23ce:	10 e0       	ldi	r17, 0x00	; 0
                _delay_ms(120);
                tft_panel_asleep = 0;
                st7789_write_cmd(ST7789_DISPON);
                _delay_ms(20);
            }
            if (uart_buffer_index >= 3) {
    23d0:	80 91 d5 06 	lds	r24, 0x06D5	; 0x8006d5 <uart_buffer_index>
    23d4:	83 30       	cpi	r24, 0x03	; 3
    23d6:	a0 f0       	brcs	.+40     	; 0x2400 <_Z18processUartCommandv+0x73a>
                display_backlight_enabled = uart_buffer[1] ? 1 : 0;
    23d8:	80 91 d7 06 	lds	r24, 0x06D7	; 0x8006d7 <uart_buffer+0x1>
    23dc:	81 11       	cpse	r24, r1
    23de:	81 e0       	ldi	r24, 0x01	; 1
    23e0:	80 93 3d 05 	sts	0x053D, r24	; 0x80053d <display_backlight_enabled>
                display_backlight_brightness = uart_buffer[2];
    23e4:	80 91 d8 06 	lds	r24, 0x06D8	; 0x8006d8 <uart_buffer+0x2>
    23e8:	80 93 0c 05 	sts	0x050C, r24	; 0x80050c <display_backlight_brightness>
                esp32_backlight_ticks = 200;
    23ec:	88 ec       	ldi	r24, 0xC8	; 200
    23ee:	80 93 4a 05 	sts	0x054A, r24	; 0x80054a <esp32_backlight_ticks>
                set_led_brightness(display_backlight_enabled ? display_backlight_brightness : 0);
    23f2:	80 91 3d 05 	lds	r24, 0x053D	; 0x80053d <display_backlight_enabled>
    23f6:	81 11       	cpse	r24, r1
    23f8:	80 91 0c 05 	lds	r24, 0x050C	; 0x80050c <display_backlight_brightness>
    23fc:	0e 94 44 02 	call	0x488	; 0x488 <_Z18set_led_brightnessh>
            }
            if (display_initialized && !tft_panel_asleep && did_wake_panel) {
    2400:	80 91 cb 04 	lds	r24, 0x04CB	; 0x8004cb <display_initialized>
    2404:	88 23       	and	r24, r24
    2406:	39 f0       	breq	.+14     	; 0x2416 <_Z18processUartCommandv+0x750>
    2408:	80 91 ca 04 	lds	r24, 0x04CA	; 0x8004ca <_ZL16tft_panel_asleep>
    240c:	81 11       	cpse	r24, r1
    240e:	05 c0       	rjmp	.+10     	; 0x241a <_Z18processUartCommandv+0x754>
    2410:	11 11       	cpse	r17, r1
    2412:	05 c0       	rjmp	.+10     	; 0x241e <_Z18processUartCommandv+0x758>
    2414:	05 c0       	rjmp	.+10     	; 0x2420 <_Z18processUartCommandv+0x75a>
    2416:	10 e0       	ldi	r17, 0x00	; 0
    2418:	03 c0       	rjmp	.+6      	; 0x2420 <_Z18processUartCommandv+0x75a>
    241a:	10 e0       	ldi	r17, 0x00	; 0
    241c:	01 c0       	rjmp	.+2      	; 0x2420 <_Z18processUartCommandv+0x75a>
    241e:	11 e0       	ldi	r17, 0x01	; 1
    2420:	11 23       	and	r17, r17
    2422:	09 f4       	brne	.+2      	; 0x2426 <_Z18processUartCommandv+0x760>
    2424:	db c1       	rjmp	.+950    	; 0x27dc <_Z18processUartCommandv+0xb16>
                if (strcmp((char*)display_mode, "data") == 0) {
    2426:	63 ed       	ldi	r22, 0xD3	; 211
    2428:	72 e0       	ldi	r23, 0x02	; 2
    242a:	89 e4       	ldi	r24, 0x49	; 73
    242c:	91 e0       	ldi	r25, 0x01	; 1
    242e:	0e 94 11 16 	call	0x2c22	; 0x2c22 <strcmp>
    2432:	89 2b       	or	r24, r25
    2434:	51 f4       	brne	.+20     	; 0x244a <_Z18processUartCommandv+0x784>
                    if (!image_receiving) {
    2436:	80 91 3f 05 	lds	r24, 0x053F	; 0x80053f <image_receiving>
    243a:	81 11       	cpse	r24, r1
    243c:	20 c0       	rjmp	.+64     	; 0x247e <_Z18processUartCommandv+0x7b8>
                        display_force_ui_reset = 1;
    243e:	81 e0       	ldi	r24, 0x01	; 1
    2440:	80 93 c9 04 	sts	0x04C9, r24	; 0x8004c9 <display_force_ui_reset>
                        display_update_partial(1);
    2444:	0e 94 20 0a 	call	0x1440	; 0x1440 <_Z22display_update_partialh>
    2448:	1a c0       	rjmp	.+52     	; 0x247e <_Z18processUartCommandv+0x7b8>
                    }
                } else if ((strcmp((char*)display_mode, "image") == 0 || strcmp((char*)display_mode, "gif") == 0) && !image_receiving) {
    244a:	6e ed       	ldi	r22, 0xDE	; 222
    244c:	71 e0       	ldi	r23, 0x01	; 1
    244e:	89 e4       	ldi	r24, 0x49	; 73
    2450:	91 e0       	ldi	r25, 0x01	; 1
    2452:	0e 94 11 16 	call	0x2c22	; 0x2c22 <strcmp>
    2456:	89 2b       	or	r24, r25
    2458:	41 f0       	breq	.+16     	; 0x246a <_Z18processUartCommandv+0x7a4>
    245a:	64 ee       	ldi	r22, 0xE4	; 228
    245c:	71 e0       	ldi	r23, 0x01	; 1
    245e:	89 e4       	ldi	r24, 0x49	; 73
    2460:	91 e0       	ldi	r25, 0x01	; 1
    2462:	0e 94 11 16 	call	0x2c22	; 0x2c22 <strcmp>
    2466:	89 2b       	or	r24, r25
    2468:	31 f4       	brne	.+12     	; 0x2476 <_Z18processUartCommandv+0x7b0>
    246a:	80 91 3f 05 	lds	r24, 0x053F	; 0x80053f <image_receiving>
    246e:	88 23       	and	r24, r24
    2470:	19 f0       	breq	.+6      	; 0x2478 <_Z18processUartCommandv+0x7b2>
    2472:	10 e0       	ldi	r17, 0x00	; 0
    2474:	01 c0       	rjmp	.+2      	; 0x2478 <_Z18processUartCommandv+0x7b2>
    2476:	10 e0       	ldi	r17, 0x00	; 0
    2478:	11 11       	cpse	r17, r1
                    display_draw_image_footer();
    247a:	0e 94 8e 08 	call	0x111c	; 0x111c <_Z25display_draw_image_footerv>
                }
                apply_display_backlight_from_esp32_consider_sleep();
    247e:	0e 94 52 02 	call	0x4a4	; 0x4a4 <_ZL49apply_display_backlight_from_esp32_consider_sleepv>
    2482:	ac c1       	rjmp	.+856    	; 0x27dc <_Z18processUartCommandv+0xb16>
            }
            break;
        }

        case CMD_SET_ATMEGA_DEBUG:
            if (uart_buffer_index >= 2) {
    2484:	80 91 d5 06 	lds	r24, 0x06D5	; 0x8006d5 <uart_buffer_index>
    2488:	82 30       	cpi	r24, 0x02	; 2
    248a:	08 f4       	brcc	.+2      	; 0x248e <_Z18processUartCommandv+0x7c8>
    248c:	a7 c1       	rjmp	.+846    	; 0x27dc <_Z18processUartCommandv+0xb16>
                debug_enabled = uart_buffer[1];
    248e:	80 91 d7 06 	lds	r24, 0x06D7	; 0x8006d7 <uart_buffer+0x1>
    2492:	80 93 c8 04 	sts	0x04C8, r24	; 0x8004c8 <debug_enabled>
                LOG_INFO("[UART] Debug ");
    2496:	80 91 c8 04 	lds	r24, 0x04C8	; 0x8004c8 <debug_enabled>
    249a:	88 23       	and	r24, r24
    249c:	31 f0       	breq	.+12     	; 0x24aa <_Z18processUartCommandv+0x7e4>
    249e:	80 91 17 01 	lds	r24, 0x0117	; 0x800117 <log_level>
    24a2:	82 30       	cpi	r24, 0x02	; 2
    24a4:	20 f4       	brcc	.+8      	; 0x24ae <_Z18processUartCommandv+0x7e8>
    24a6:	80 e0       	ldi	r24, 0x00	; 0
    24a8:	03 c0       	rjmp	.+6      	; 0x24b0 <_Z18processUartCommandv+0x7ea>
    24aa:	80 e0       	ldi	r24, 0x00	; 0
    24ac:	01 c0       	rjmp	.+2      	; 0x24b0 <_Z18processUartCommandv+0x7ea>
    24ae:	81 e0       	ldi	r24, 0x01	; 1
    24b0:	88 23       	and	r24, r24
    24b2:	21 f0       	breq	.+8      	; 0x24bc <_Z18processUartCommandv+0x7f6>
    24b4:	88 ed       	ldi	r24, 0xD8	; 216
    24b6:	92 e0       	ldi	r25, 0x02	; 2
    24b8:	0e 94 4c 0c 	call	0x1898	; 0x1898 <_Z11debug_printPKc>
                if (debug_enabled) {
    24bc:	80 91 c8 04 	lds	r24, 0x04C8	; 0x8004c8 <debug_enabled>
    24c0:	88 23       	and	r24, r24
    24c2:	a9 f0       	breq	.+42     	; 0x24ee <_Z18processUartCommandv+0x828>
                    LOG_INFO("enabled\r\n");
    24c4:	80 91 c8 04 	lds	r24, 0x04C8	; 0x8004c8 <debug_enabled>
    24c8:	88 23       	and	r24, r24
    24ca:	31 f0       	breq	.+12     	; 0x24d8 <_Z18processUartCommandv+0x812>
    24cc:	80 91 17 01 	lds	r24, 0x0117	; 0x800117 <log_level>
    24d0:	82 30       	cpi	r24, 0x02	; 2
    24d2:	20 f4       	brcc	.+8      	; 0x24dc <_Z18processUartCommandv+0x816>
    24d4:	80 e0       	ldi	r24, 0x00	; 0
    24d6:	03 c0       	rjmp	.+6      	; 0x24de <_Z18processUartCommandv+0x818>
    24d8:	80 e0       	ldi	r24, 0x00	; 0
    24da:	01 c0       	rjmp	.+2      	; 0x24de <_Z18processUartCommandv+0x818>
    24dc:	81 e0       	ldi	r24, 0x01	; 1
    24de:	88 23       	and	r24, r24
    24e0:	09 f4       	brne	.+2      	; 0x24e4 <_Z18processUartCommandv+0x81e>
    24e2:	7c c1       	rjmp	.+760    	; 0x27dc <_Z18processUartCommandv+0xb16>
    24e4:	89 ef       	ldi	r24, 0xF9	; 249
    24e6:	93 e0       	ldi	r25, 0x03	; 3
    24e8:	0e 94 4c 0c 	call	0x1898	; 0x1898 <_Z11debug_printPKc>
    24ec:	77 c1       	rjmp	.+750    	; 0x27dc <_Z18processUartCommandv+0xb16>
                } else {
                    LOG_INFO("disabled\r\n");
    24ee:	80 91 c8 04 	lds	r24, 0x04C8	; 0x8004c8 <debug_enabled>
    24f2:	88 23       	and	r24, r24
    24f4:	31 f0       	breq	.+12     	; 0x2502 <_Z18processUartCommandv+0x83c>
    24f6:	80 91 17 01 	lds	r24, 0x0117	; 0x800117 <log_level>
    24fa:	82 30       	cpi	r24, 0x02	; 2
    24fc:	20 f4       	brcc	.+8      	; 0x2506 <_Z18processUartCommandv+0x840>
    24fe:	80 e0       	ldi	r24, 0x00	; 0
    2500:	03 c0       	rjmp	.+6      	; 0x2508 <_Z18processUartCommandv+0x842>
    2502:	80 e0       	ldi	r24, 0x00	; 0
    2504:	01 c0       	rjmp	.+2      	; 0x2508 <_Z18processUartCommandv+0x842>
    2506:	81 e0       	ldi	r24, 0x01	; 1
    2508:	88 23       	and	r24, r24
    250a:	09 f4       	brne	.+2      	; 0x250e <_Z18processUartCommandv+0x848>
    250c:	67 c1       	rjmp	.+718    	; 0x27dc <_Z18processUartCommandv+0xb16>
    250e:	86 ee       	ldi	r24, 0xE6	; 230
    2510:	92 e0       	ldi	r25, 0x02	; 2
    2512:	0e 94 4c 0c 	call	0x1898	; 0x1898 <_Z11debug_printPKc>
    2516:	62 c1       	rjmp	.+708    	; 0x27dc <_Z18processUartCommandv+0xb16>
                }
            }
            break;
            
        case CMD_SET_ATMEGA_LOG_LEVEL:
            if (uart_buffer_index >= 2) {
    2518:	80 91 d5 06 	lds	r24, 0x06D5	; 0x8006d5 <uart_buffer_index>
    251c:	82 30       	cpi	r24, 0x02	; 2
    251e:	08 f4       	brcc	.+2      	; 0x2522 <_Z18processUartCommandv+0x85c>
    2520:	5d c1       	rjmp	.+698    	; 0x27dc <_Z18processUartCommandv+0xb16>
                log_level = uart_buffer[1];
    2522:	80 91 d7 06 	lds	r24, 0x06D7	; 0x8006d7 <uart_buffer+0x1>
    2526:	80 93 17 01 	sts	0x0117, r24	; 0x800117 <log_level>
                if (log_level > 3) log_level = 3;
    252a:	80 91 17 01 	lds	r24, 0x0117	; 0x800117 <log_level>
    252e:	84 30       	cpi	r24, 0x04	; 4
    2530:	18 f0       	brcs	.+6      	; 0x2538 <_Z18processUartCommandv+0x872>
    2532:	83 e0       	ldi	r24, 0x03	; 3
    2534:	80 93 17 01 	sts	0x0117, r24	; 0x800117 <log_level>
                LOG_INFO("[UART] Log level set to: ");
    2538:	80 91 c8 04 	lds	r24, 0x04C8	; 0x8004c8 <debug_enabled>
    253c:	88 23       	and	r24, r24
    253e:	31 f0       	breq	.+12     	; 0x254c <_Z18processUartCommandv+0x886>
    2540:	80 91 17 01 	lds	r24, 0x0117	; 0x800117 <log_level>
    2544:	82 30       	cpi	r24, 0x02	; 2
    2546:	20 f4       	brcc	.+8      	; 0x2550 <_Z18processUartCommandv+0x88a>
    2548:	80 e0       	ldi	r24, 0x00	; 0
    254a:	03 c0       	rjmp	.+6      	; 0x2552 <_Z18processUartCommandv+0x88c>
    254c:	80 e0       	ldi	r24, 0x00	; 0
    254e:	01 c0       	rjmp	.+2      	; 0x2552 <_Z18processUartCommandv+0x88c>
    2550:	81 e0       	ldi	r24, 0x01	; 1
    2552:	88 23       	and	r24, r24
    2554:	21 f0       	breq	.+8      	; 0x255e <_Z18processUartCommandv+0x898>
    2556:	81 ef       	ldi	r24, 0xF1	; 241
    2558:	92 e0       	ldi	r25, 0x02	; 2
    255a:	0e 94 4c 0c 	call	0x1898	; 0x1898 <_Z11debug_printPKc>
                debug_print_dec(log_level);
    255e:	80 91 17 01 	lds	r24, 0x0117	; 0x800117 <log_level>
    2562:	90 e0       	ldi	r25, 0x00	; 0
    2564:	0e 94 a7 0d 	call	0x1b4e	; 0x1b4e <_Z15debug_print_decj>
                debug_print("\r\n");
    2568:	89 e0       	ldi	r24, 0x09	; 9
    256a:	94 e0       	ldi	r25, 0x04	; 4
    256c:	0e 94 4c 0c 	call	0x1898	; 0x1898 <_Z11debug_printPKc>
    2570:	35 c1       	rjmp	.+618    	; 0x27dc <_Z18processUartCommandv+0xb16>
            }
            break;
            
        case CMD_SET_DISPLAY_IMAGE:
            if (tft_panel_asleep) {
    2572:	80 91 ca 04 	lds	r24, 0x04CA	; 0x8004ca <_ZL16tft_panel_asleep>
    2576:	81 11       	cpse	r24, r1
    2578:	31 c1       	rjmp	.+610    	; 0x27dc <_Z18processUartCommandv+0xb16>
                break;
            }
            image_expected_size = (uint32_t)ST7789_WIDTH * (uint32_t)ST7789_HEIGHT * 2u;
    257a:	80 e0       	ldi	r24, 0x00	; 0
    257c:	99 ea       	ldi	r25, 0xA9	; 169
    257e:	a1 e0       	ldi	r26, 0x01	; 1
    2580:	b0 e0       	ldi	r27, 0x00	; 0
    2582:	80 93 46 05 	sts	0x0546, r24	; 0x800546 <image_expected_size>
    2586:	90 93 47 05 	sts	0x0547, r25	; 0x800547 <image_expected_size+0x1>
    258a:	a0 93 48 05 	sts	0x0548, r26	; 0x800548 <image_expected_size+0x2>
    258e:	b0 93 49 05 	sts	0x0549, r27	; 0x800549 <image_expected_size+0x3>
            image_received_bytes = 0;
    2592:	10 92 42 05 	sts	0x0542, r1	; 0x800542 <image_received_bytes>
    2596:	10 92 43 05 	sts	0x0543, r1	; 0x800543 <image_received_bytes+0x1>
    259a:	10 92 44 05 	sts	0x0544, r1	; 0x800544 <image_received_bytes+0x2>
    259e:	10 92 45 05 	sts	0x0545, r1	; 0x800545 <image_received_bytes+0x3>
            image_chunk_index = 0;
    25a2:	10 92 41 05 	sts	0x0541, r1	; 0x800541 <image_chunk_index+0x1>
    25a6:	10 92 40 05 	sts	0x0540, r1	; 0x800540 <image_chunk_index>
            image_receiving = 1;
    25aa:	81 e0       	ldi	r24, 0x01	; 1
    25ac:	80 93 3f 05 	sts	0x053F, r24	; 0x80053f <image_receiving>
            LOG_INFO("[UART] Image RX start bytes=");
    25b0:	80 91 c8 04 	lds	r24, 0x04C8	; 0x8004c8 <debug_enabled>
    25b4:	88 23       	and	r24, r24
    25b6:	31 f0       	breq	.+12     	; 0x25c4 <_Z18processUartCommandv+0x8fe>
    25b8:	80 91 17 01 	lds	r24, 0x0117	; 0x800117 <log_level>
    25bc:	82 30       	cpi	r24, 0x02	; 2
    25be:	20 f4       	brcc	.+8      	; 0x25c8 <_Z18processUartCommandv+0x902>
    25c0:	80 e0       	ldi	r24, 0x00	; 0
    25c2:	03 c0       	rjmp	.+6      	; 0x25ca <_Z18processUartCommandv+0x904>
    25c4:	80 e0       	ldi	r24, 0x00	; 0
    25c6:	01 c0       	rjmp	.+2      	; 0x25ca <_Z18processUartCommandv+0x904>
    25c8:	81 e0       	ldi	r24, 0x01	; 1
    25ca:	88 23       	and	r24, r24
    25cc:	21 f0       	breq	.+8      	; 0x25d6 <_Z18processUartCommandv+0x910>
    25ce:	8b e0       	ldi	r24, 0x0B	; 11
    25d0:	93 e0       	ldi	r25, 0x03	; 3
    25d2:	0e 94 4c 0c 	call	0x1898	; 0x1898 <_Z11debug_printPKc>
            debug_print_u32(image_expected_size);
    25d6:	60 91 46 05 	lds	r22, 0x0546	; 0x800546 <image_expected_size>
    25da:	70 91 47 05 	lds	r23, 0x0547	; 0x800547 <image_expected_size+0x1>
    25de:	80 91 48 05 	lds	r24, 0x0548	; 0x800548 <image_expected_size+0x2>
    25e2:	90 91 49 05 	lds	r25, 0x0549	; 0x800549 <image_expected_size+0x3>
    25e6:	0e 94 01 0e 	call	0x1c02	; 0x1c02 <_Z15debug_print_u32m>
            debug_print("\r\n");
    25ea:	89 e0       	ldi	r24, 0x09	; 9
    25ec:	94 e0       	ldi	r25, 0x04	; 4
    25ee:	0e 94 4c 0c 	call	0x1898	; 0x1898 <_Z11debug_printPKc>
            break;
    25f2:	f4 c0       	rjmp	.+488    	; 0x27dc <_Z18processUartCommandv+0xb16>

        case CMD_SET_DISPLAY_IMAGE_CHUNK:
            if (tft_panel_asleep) {
    25f4:	80 91 ca 04 	lds	r24, 0x04CA	; 0x8004ca <_ZL16tft_panel_asleep>
    25f8:	88 23       	and	r24, r24
    25fa:	19 f0       	breq	.+6      	; 0x2602 <_Z18processUartCommandv+0x93c>
                image_receiving = 0;
    25fc:	10 92 3f 05 	sts	0x053F, r1	; 0x80053f <image_receiving>
                break;
    2600:	ed c0       	rjmp	.+474    	; 0x27dc <_Z18processUartCommandv+0xb16>
            }
            if (image_receiving && uart_buffer_index >= 4) {
    2602:	80 91 3f 05 	lds	r24, 0x053F	; 0x80053f <image_receiving>
    2606:	88 23       	and	r24, r24
    2608:	31 f0       	breq	.+12     	; 0x2616 <_Z18processUartCommandv+0x950>
    260a:	80 91 d5 06 	lds	r24, 0x06D5	; 0x8006d5 <uart_buffer_index>
    260e:	84 30       	cpi	r24, 0x04	; 4
    2610:	20 f4       	brcc	.+8      	; 0x261a <_Z18processUartCommandv+0x954>
    2612:	e1 2c       	mov	r14, r1
    2614:	04 c0       	rjmp	.+8      	; 0x261e <_Z18processUartCommandv+0x958>
    2616:	e1 2c       	mov	r14, r1
    2618:	02 c0       	rjmp	.+4      	; 0x261e <_Z18processUartCommandv+0x958>
    261a:	ee 24       	eor	r14, r14
    261c:	e3 94       	inc	r14
    261e:	ee 20       	and	r14, r14
    2620:	09 f4       	brne	.+2      	; 0x2624 <_Z18processUartCommandv+0x95e>
    2622:	dc c0       	rjmp	.+440    	; 0x27dc <_Z18processUartCommandv+0xb16>
                uint8_t chunk_size = uart_buffer[3];
    2624:	f0 90 d9 06 	lds	r15, 0x06D9	; 0x8006d9 <uart_buffer+0x3>

                if (chunk_size >= 2 && chunk_size <= IMAGE_CHUNK_SIZE &&
    2628:	8e ef       	ldi	r24, 0xFE	; 254
    262a:	8f 0d       	add	r24, r15
                    (chunk_size % 2u) == 0 &&
    262c:	8f 33       	cpi	r24, 0x3F	; 63
    262e:	68 f4       	brcc	.+26     	; 0x264a <_Z18processUartCommandv+0x984>
                break;
            }
            if (image_receiving && uart_buffer_index >= 4) {
                uint8_t chunk_size = uart_buffer[3];

                if (chunk_size >= 2 && chunk_size <= IMAGE_CHUNK_SIZE &&
    2630:	f0 fc       	sbrc	r15, 0
    2632:	0d c0       	rjmp	.+26     	; 0x264e <_Z18processUartCommandv+0x988>
                    (chunk_size % 2u) == 0 &&
                    (uart_buffer_index - 4) >= chunk_size) {
    2634:	80 91 d5 06 	lds	r24, 0x06D5	; 0x8006d5 <uart_buffer_index>
    2638:	90 e0       	ldi	r25, 0x00	; 0
    263a:	04 97       	sbiw	r24, 0x04	; 4
    263c:	2f 2d       	mov	r18, r15
    263e:	30 e0       	ldi	r19, 0x00	; 0
            }
            if (image_receiving && uart_buffer_index >= 4) {
                uint8_t chunk_size = uart_buffer[3];

                if (chunk_size >= 2 && chunk_size <= IMAGE_CHUNK_SIZE &&
                    (chunk_size % 2u) == 0 &&
    2640:	82 17       	cp	r24, r18
    2642:	93 07       	cpc	r25, r19
    2644:	2c f4       	brge	.+10     	; 0x2650 <_Z18processUartCommandv+0x98a>
    2646:	e1 2c       	mov	r14, r1
    2648:	03 c0       	rjmp	.+6      	; 0x2650 <_Z18processUartCommandv+0x98a>
    264a:	e1 2c       	mov	r14, r1
    264c:	01 c0       	rjmp	.+2      	; 0x2650 <_Z18processUartCommandv+0x98a>
    264e:	e1 2c       	mov	r14, r1
                break;
            }
            if (image_receiving && uart_buffer_index >= 4) {
                uint8_t chunk_size = uart_buffer[3];

                if (chunk_size >= 2 && chunk_size <= IMAGE_CHUNK_SIZE &&
    2650:	ee 20       	and	r14, r14
    2652:	09 f4       	brne	.+2      	; 0x2656 <_Z18processUartCommandv+0x990>
    2654:	c3 c0       	rjmp	.+390    	; 0x27dc <_Z18processUartCommandv+0xb16>
                    (chunk_size % 2u) == 0 &&
                    (uart_buffer_index - 4) >= chunk_size) {

                    uint32_t byte_off = image_received_bytes;
    2656:	80 90 42 05 	lds	r8, 0x0542	; 0x800542 <image_received_bytes>
    265a:	90 90 43 05 	lds	r9, 0x0543	; 0x800543 <image_received_bytes+0x1>
    265e:	a0 90 44 05 	lds	r10, 0x0544	; 0x800544 <image_received_bytes+0x2>
    2662:	b0 90 45 05 	lds	r11, 0x0545	; 0x800545 <image_received_bytes+0x3>
                    uint32_t ps = byte_off / 2u;
    2666:	c5 01       	movw	r24, r10
    2668:	b4 01       	movw	r22, r8
    266a:	96 95       	lsr	r25
    266c:	87 95       	ror	r24
    266e:	77 95       	ror	r23
    2670:	67 95       	ror	r22
                    uint16_t x = (uint16_t)(ps % ST7789_WIDTH);
    2672:	20 e4       	ldi	r18, 0x40	; 64
    2674:	31 e0       	ldi	r19, 0x01	; 1
    2676:	40 e0       	ldi	r20, 0x00	; 0
    2678:	50 e0       	ldi	r21, 0x00	; 0
    267a:	0e 94 d1 15 	call	0x2ba2	; 0x2ba2 <__udivmodsi4>
    267e:	2b 01       	movw	r4, r22
    2680:	3c 01       	movw	r6, r24
                    uint16_t y = (uint16_t)(ps / ST7789_WIDTH);
    2682:	c5 01       	movw	r24, r10
    2684:	b4 01       	movw	r22, r8
    2686:	20 e8       	ldi	r18, 0x80	; 128
    2688:	32 e0       	ldi	r19, 0x02	; 2
    268a:	40 e0       	ldi	r20, 0x00	; 0
    268c:	50 e0       	ldi	r21, 0x00	; 0
    268e:	0e 94 d1 15 	call	0x2ba2	; 0x2ba2 <__udivmodsi4>
    2692:	2b 83       	std	Y+3, r18	; 0x03
    2694:	3c 83       	std	Y+4, r19	; 0x04
    2696:	4d 83       	std	Y+5, r20	; 0x05
    2698:	5e 83       	std	Y+6, r21	; 0x06
                    uint16_t px = (uint16_t)(chunk_size / 2u);
    269a:	4f 2d       	mov	r20, r15
    269c:	46 95       	lsr	r20
    269e:	24 2f       	mov	r18, r20
    26a0:	30 e0       	ldi	r19, 0x00	; 0
                    if ((uint32_t)x + px <= ST7789_WIDTH && byte_off + chunk_size <= image_expected_size) {
    26a2:	d3 01       	movw	r26, r6
    26a4:	c2 01       	movw	r24, r4
    26a6:	aa 27       	eor	r26, r26
    26a8:	bb 27       	eor	r27, r27
    26aa:	84 0f       	add	r24, r20
    26ac:	91 1d       	adc	r25, r1
    26ae:	a1 1d       	adc	r26, r1
    26b0:	b1 1d       	adc	r27, r1
    26b2:	81 34       	cpi	r24, 0x41	; 65
    26b4:	91 40       	sbci	r25, 0x01	; 1
    26b6:	a1 05       	cpc	r26, r1
    26b8:	b1 05       	cpc	r27, r1
    26ba:	98 f4       	brcc	.+38     	; 0x26e2 <_Z18processUartCommandv+0xa1c>
    26bc:	8f 0c       	add	r8, r15
    26be:	91 1c       	adc	r9, r1
    26c0:	a1 1c       	adc	r10, r1
    26c2:	b1 1c       	adc	r11, r1
    26c4:	80 91 46 05 	lds	r24, 0x0546	; 0x800546 <image_expected_size>
    26c8:	90 91 47 05 	lds	r25, 0x0547	; 0x800547 <image_expected_size+0x1>
    26cc:	a0 91 48 05 	lds	r26, 0x0548	; 0x800548 <image_expected_size+0x2>
    26d0:	b0 91 49 05 	lds	r27, 0x0549	; 0x800549 <image_expected_size+0x3>
    26d4:	88 15       	cp	r24, r8
    26d6:	99 05       	cpc	r25, r9
    26d8:	aa 05       	cpc	r26, r10
    26da:	bb 05       	cpc	r27, r11
    26dc:	18 f4       	brcc	.+6      	; 0x26e4 <_Z18processUartCommandv+0xa1e>
    26de:	e1 2c       	mov	r14, r1
    26e0:	01 c0       	rjmp	.+2      	; 0x26e4 <_Z18processUartCommandv+0xa1e>
    26e2:	e1 2c       	mov	r14, r1
    26e4:	ee 20       	and	r14, r14
    26e6:	09 f4       	brne	.+2      	; 0x26ea <_Z18processUartCommandv+0xa24>
    26e8:	79 c0       	rjmp	.+242    	; 0x27dc <_Z18processUartCommandv+0xb16>
                        st7789_set_window(x, y, (uint16_t)(x + px - 1), y);
    26ea:	24 0d       	add	r18, r4
    26ec:	35 1d       	adc	r19, r5
    26ee:	a9 01       	movw	r20, r18
    26f0:	41 50       	subi	r20, 0x01	; 1
    26f2:	51 09       	sbc	r21, r1
    26f4:	2b 81       	ldd	r18, Y+3	; 0x03
    26f6:	3c 81       	ldd	r19, Y+4	; 0x04
    26f8:	b9 01       	movw	r22, r18
    26fa:	c2 01       	movw	r24, r4
    26fc:	0e 94 d1 02 	call	0x5a2	; 0x5a2 <_Z17st7789_set_windowjjjj>
                        ST7789_CS_PORT &= ~(1 << ST7789_CS_PIN);
    2700:	85 b1       	in	r24, 0x05	; 5
    2702:	8b 7f       	andi	r24, 0xFB	; 251
    2704:	85 b9       	out	0x05, r24	; 5
                        ST7789_DC_PORT |= (1 << ST7789_DC_PIN);
    2706:	85 b1       	in	r24, 0x05	; 5
    2708:	82 60       	ori	r24, 0x02	; 2
    270a:	85 b9       	out	0x05, r24	; 5
                        for (uint16_t i = 0; i < chunk_size; i++) {
    270c:	00 e0       	ldi	r16, 0x00	; 0
    270e:	10 e0       	ldi	r17, 0x00	; 0
    2710:	8f 2d       	mov	r24, r15
    2712:	90 e0       	ldi	r25, 0x00	; 0
    2714:	08 17       	cp	r16, r24
    2716:	19 07       	cpc	r17, r25
    2718:	48 f4       	brcc	.+18     	; 0x272c <_Z18processUartCommandv+0xa66>
                            spi_write(uart_buffer[4 + i]);
    271a:	f8 01       	movw	r30, r16
    271c:	e6 52       	subi	r30, 0x26	; 38
    271e:	f9 4f       	sbci	r31, 0xF9	; 249
    2720:	80 81       	ld	r24, Z
    2722:	0e 94 81 02 	call	0x502	; 0x502 <_Z9spi_writeh>
                    uint16_t px = (uint16_t)(chunk_size / 2u);
                    if ((uint32_t)x + px <= ST7789_WIDTH && byte_off + chunk_size <= image_expected_size) {
                        st7789_set_window(x, y, (uint16_t)(x + px - 1), y);
                        ST7789_CS_PORT &= ~(1 << ST7789_CS_PIN);
                        ST7789_DC_PORT |= (1 << ST7789_DC_PIN);
                        for (uint16_t i = 0; i < chunk_size; i++) {
    2726:	0f 5f       	subi	r16, 0xFF	; 255
    2728:	1f 4f       	sbci	r17, 0xFF	; 255
    272a:	f2 cf       	rjmp	.-28     	; 0x2710 <_Z18processUartCommandv+0xa4a>
                            spi_write(uart_buffer[4 + i]);
                        }
                        ST7789_CS_PORT |= (1 << ST7789_CS_PIN);
    272c:	85 b1       	in	r24, 0x05	; 5
    272e:	84 60       	ori	r24, 0x04	; 4
    2730:	85 b9       	out	0x05, r24	; 5
                        image_received_bytes += chunk_size;
    2732:	80 91 42 05 	lds	r24, 0x0542	; 0x800542 <image_received_bytes>
    2736:	90 91 43 05 	lds	r25, 0x0543	; 0x800543 <image_received_bytes+0x1>
    273a:	a0 91 44 05 	lds	r26, 0x0544	; 0x800544 <image_received_bytes+0x2>
    273e:	b0 91 45 05 	lds	r27, 0x0545	; 0x800545 <image_received_bytes+0x3>
    2742:	8f 0d       	add	r24, r15
    2744:	91 1d       	adc	r25, r1
    2746:	a1 1d       	adc	r26, r1
    2748:	b1 1d       	adc	r27, r1
    274a:	80 93 42 05 	sts	0x0542, r24	; 0x800542 <image_received_bytes>
    274e:	90 93 43 05 	sts	0x0543, r25	; 0x800543 <image_received_bytes+0x1>
    2752:	a0 93 44 05 	sts	0x0544, r26	; 0x800544 <image_received_bytes+0x2>
    2756:	b0 93 45 05 	sts	0x0545, r27	; 0x800545 <image_received_bytes+0x3>
                        image_chunk_index++;
    275a:	80 91 40 05 	lds	r24, 0x0540	; 0x800540 <image_chunk_index>
    275e:	90 91 41 05 	lds	r25, 0x0541	; 0x800541 <image_chunk_index+0x1>
    2762:	01 96       	adiw	r24, 0x01	; 1
    2764:	90 93 41 05 	sts	0x0541, r25	; 0x800541 <image_chunk_index+0x1>
    2768:	80 93 40 05 	sts	0x0540, r24	; 0x800540 <image_chunk_index>

                        if (image_received_bytes >= image_expected_size) {
    276c:	40 91 42 05 	lds	r20, 0x0542	; 0x800542 <image_received_bytes>
    2770:	50 91 43 05 	lds	r21, 0x0543	; 0x800543 <image_received_bytes+0x1>
    2774:	60 91 44 05 	lds	r22, 0x0544	; 0x800544 <image_received_bytes+0x2>
    2778:	70 91 45 05 	lds	r23, 0x0545	; 0x800545 <image_received_bytes+0x3>
    277c:	80 91 46 05 	lds	r24, 0x0546	; 0x800546 <image_expected_size>
    2780:	90 91 47 05 	lds	r25, 0x0547	; 0x800547 <image_expected_size+0x1>
    2784:	a0 91 48 05 	lds	r26, 0x0548	; 0x800548 <image_expected_size+0x2>
    2788:	b0 91 49 05 	lds	r27, 0x0549	; 0x800549 <image_expected_size+0x3>
    278c:	48 17       	cp	r20, r24
    278e:	59 07       	cpc	r21, r25
    2790:	6a 07       	cpc	r22, r26
    2792:	7b 07       	cpc	r23, r27
    2794:	18 f1       	brcs	.+70     	; 0x27dc <_Z18processUartCommandv+0xb16>
                            image_receiving = 0;
    2796:	10 92 3f 05 	sts	0x053F, r1	; 0x80053f <image_receiving>
                            LOG_INFO("[UART] Image complete ");
    279a:	80 91 c8 04 	lds	r24, 0x04C8	; 0x8004c8 <debug_enabled>
    279e:	88 23       	and	r24, r24
    27a0:	31 f0       	breq	.+12     	; 0x27ae <_Z18processUartCommandv+0xae8>
    27a2:	80 91 17 01 	lds	r24, 0x0117	; 0x800117 <log_level>
    27a6:	82 30       	cpi	r24, 0x02	; 2
    27a8:	18 f4       	brcc	.+6      	; 0x27b0 <_Z18processUartCommandv+0xaea>
    27aa:	e1 2c       	mov	r14, r1
    27ac:	01 c0       	rjmp	.+2      	; 0x27b0 <_Z18processUartCommandv+0xaea>
    27ae:	e1 2c       	mov	r14, r1
    27b0:	ee 20       	and	r14, r14
    27b2:	21 f0       	breq	.+8      	; 0x27bc <_Z18processUartCommandv+0xaf6>
    27b4:	88 e2       	ldi	r24, 0x28	; 40
    27b6:	93 e0       	ldi	r25, 0x03	; 3
    27b8:	0e 94 4c 0c 	call	0x1898	; 0x1898 <_Z11debug_printPKc>
                            debug_print_u32(image_received_bytes);
    27bc:	60 91 42 05 	lds	r22, 0x0542	; 0x800542 <image_received_bytes>
    27c0:	70 91 43 05 	lds	r23, 0x0543	; 0x800543 <image_received_bytes+0x1>
    27c4:	80 91 44 05 	lds	r24, 0x0544	; 0x800544 <image_received_bytes+0x2>
    27c8:	90 91 45 05 	lds	r25, 0x0545	; 0x800545 <image_received_bytes+0x3>
    27cc:	0e 94 01 0e 	call	0x1c02	; 0x1c02 <_Z15debug_print_u32m>
                            debug_print("\r\n");
    27d0:	89 e0       	ldi	r24, 0x09	; 9
    27d2:	94 e0       	ldi	r25, 0x04	; 4
    27d4:	0e 94 4c 0c 	call	0x1898	; 0x1898 <_Z11debug_printPKc>
                            display_draw_image_footer();
    27d8:	0e 94 8e 08 	call	0x111c	; 0x111c <_Z25display_draw_image_footerv>
            }
            break;
    }
    
    // Réinitialiser le buffer UART courant (ligne déjà copiée depuis la file)
    uart_buffer_index = 0;
    27dc:	10 92 d5 06 	sts	0x06D5, r1	; 0x8006d5 <uart_buffer_index>
    uart_command = 0;
    27e0:	10 92 4e 05 	sts	0x054E, r1	; 0x80054e <uart_command>
}
    27e4:	26 96       	adiw	r28, 0x06	; 6
    27e6:	0f b6       	in	r0, 0x3f	; 63
    27e8:	f8 94       	cli
    27ea:	de bf       	out	0x3e, r29	; 62
    27ec:	0f be       	out	0x3f, r0	; 63
    27ee:	cd bf       	out	0x3d, r28	; 61
    27f0:	df 91       	pop	r29
    27f2:	cf 91       	pop	r28
    27f4:	1f 91       	pop	r17
    27f6:	0f 91       	pop	r16
    27f8:	ff 90       	pop	r15
    27fa:	ef 90       	pop	r14
    27fc:	bf 90       	pop	r11
    27fe:	af 90       	pop	r10
    2800:	9f 90       	pop	r9
    2802:	8f 90       	pop	r8
    2804:	7f 90       	pop	r7
    2806:	6f 90       	pop	r6
    2808:	5f 90       	pop	r5
    280a:	4f 90       	pop	r4
    280c:	08 95       	ret

0000280e <main>:
}

int main(void) {
    // CRITIQUE: Désactiver le watchdog timer au démarrage (si activé)
    // Le watchdog peut causer des resets si non désactivé
    MCUSR &= ~(1 << WDRF);  // Clear watchdog reset flag
    280e:	84 b7       	in	r24, 0x34	; 52
    2810:	87 7f       	andi	r24, 0xF7	; 247
    2812:	84 bf       	out	0x34, r24	; 52
				"out __SREG__,__tmp_reg__"   "\n\t"
				: [TEMPREG] "=d" (temp_reg)
				: [WDTREG]  "n"  (_SFR_MEM_ADDR(_WD_CONTROL_REG)),
				[WDCE_WDE]  "n"  ((uint8_t)(_BV(_WD_CHANGE_BIT) | _BV(WDE)))
				: "r0"
		);
    2814:	0f b6       	in	r0, 0x3f	; 63
    2816:	f8 94       	cli
    2818:	a8 95       	wdr
    281a:	80 91 60 00 	lds	r24, 0x0060	; 0x800060 <__TEXT_REGION_LENGTH__+0x7f8060>
    281e:	88 61       	ori	r24, 0x18	; 24
    2820:	80 93 60 00 	sts	0x0060, r24	; 0x800060 <__TEXT_REGION_LENGTH__+0x7f8060>
    2824:	10 92 60 00 	sts	0x0060, r1	; 0x800060 <__TEXT_REGION_LENGTH__+0x7f8060>
    2828:	0f be       	out	0x3f, r0	; 63
    282a:	2f ef       	ldi	r18, 0xFF	; 255
    282c:	41 ee       	ldi	r20, 0xE1	; 225
    282e:	54 e0       	ldi	r21, 0x04	; 4
    2830:	21 50       	subi	r18, 0x01	; 1
    2832:	40 40       	sbci	r20, 0x00	; 0
    2834:	50 40       	sbci	r21, 0x00	; 0
    2836:	e1 f7       	brne	.-8      	; 0x2830 <main+0x22>
    2838:	00 c0       	rjmp	.+0      	; 0x283a <main+0x2c>
    283a:	00 00       	nop
    
    // Délai initial pour stabilisation de l'alimentation
    _delay_ms(200);  // Délai plus long pour stabilisation au boot
    
    // IMPORTANT: Initialiser l'UART EN PREMIER pour que debug_print() fonctionne
    uart_init();
    283c:	0e 94 64 08 	call	0x10c8	; 0x10c8 <_Z9uart_initv>
    2840:	8f ef       	ldi	r24, 0xFF	; 255
    2842:	90 e7       	ldi	r25, 0x70	; 112
    2844:	22 e0       	ldi	r18, 0x02	; 2
    2846:	81 50       	subi	r24, 0x01	; 1
    2848:	90 40       	sbci	r25, 0x00	; 0
    284a:	20 40       	sbci	r18, 0x00	; 0
    284c:	e1 f7       	brne	.-8      	; 0x2846 <main+0x38>
    284e:	00 c0       	rjmp	.+0      	; 0x2850 <main+0x42>
    2850:	00 00       	nop
    _delay_ms(100);  // Attendre que l'UART soit stable
    
    // Initialiser le débogage (utilise maintenant l'UART principal)
    debug_init();
    debug_print("\r\n=== ATmega328P Light Controller ===\r\n");
    2852:	8f e3       	ldi	r24, 0x3F	; 63
    2854:	93 e0       	ldi	r25, 0x03	; 3
    2856:	0e 94 4c 0c 	call	0x1898	; 0x1898 <_Z11debug_printPKc>
    debug_print("UART Baud: 57600 (U2X)\r\n");
    285a:	87 e6       	ldi	r24, 0x67	; 103
    285c:	93 e0       	ldi	r25, 0x03	; 3
    285e:	0e 94 4c 0c 	call	0x1898	; 0x1898 <_Z11debug_printPKc>
    debug_print("Boot sequence started...\r\n");
    2862:	80 e8       	ldi	r24, 0x80	; 128
    2864:	93 e0       	ldi	r25, 0x03	; 3
    2866:	0e 94 4c 0c 	call	0x1898	; 0x1898 <_Z11debug_printPKc>
    
    // Initialiser les périphériques
    adc_init();
    286a:	0e 94 26 02 	call	0x44c	; 0x44c <_Z8adc_initv>
    debug_print("ADC initialized\r\n");
    286e:	8b e9       	ldi	r24, 0x9B	; 155
    2870:	93 e0       	ldi	r25, 0x03	; 3
    2872:	0e 94 4c 0c 	call	0x1898	; 0x1898 <_Z11debug_printPKc>
    
    pwm_init();
    2876:	0e 94 3b 02 	call	0x476	; 0x476 <_Z8pwm_initv>
    debug_print("PWM initialized\r\n");
    287a:	8d ea       	ldi	r24, 0xAD	; 173
    287c:	93 e0       	ldi	r25, 0x03	; 3
    287e:	0e 94 4c 0c 	call	0x1898	; 0x1898 <_Z11debug_printPKc>
    // LED backlight: contrôlée par light_level (>= 500 = ON)
    
    spi_init();
    2882:	0e 94 67 02 	call	0x4ce	; 0x4ce <_Z8spi_initv>
    debug_print("SPI initialized\r\n");
    2886:	8f eb       	ldi	r24, 0xBF	; 191
    2888:	93 e0       	ldi	r25, 0x03	; 3
    288a:	0e 94 4c 0c 	call	0x1898	; 0x1898 <_Z11debug_printPKc>
    288e:	4f ef       	ldi	r20, 0xFF	; 255
    2890:	50 e7       	ldi	r21, 0x70	; 112
    2892:	82 e0       	ldi	r24, 0x02	; 2
    2894:	41 50       	subi	r20, 0x01	; 1
    2896:	50 40       	sbci	r21, 0x00	; 0
    2898:	80 40       	sbci	r24, 0x00	; 0
    289a:	e1 f7       	brne	.-8      	; 0x2894 <main+0x86>
    289c:	00 c0       	rjmp	.+0      	; 0x289e <main+0x90>
    289e:	00 00       	nop
    
    // Délai avant initialisation de l'écran pour s'assurer que l'alimentation est stable
    _delay_ms(100);
    st7789_init();
    28a0:	0e 94 59 0c 	call	0x18b2	; 0x18b2 <_Z11st7789_initv>
    debug_print("ST7789 initialized\r\n");
    28a4:	81 e7       	ldi	r24, 0x71	; 113
    28a6:	92 e0       	ldi	r25, 0x02	; 2
    28a8:	0e 94 4c 0c 	call	0x1898	; 0x1898 <_Z11debug_printPKc>
    
    // Initialiser les valeurs d'affichage par défaut
    strcpy((char*)display_mode, "data");
    28ac:	85 e0       	ldi	r24, 0x05	; 5
    28ae:	e3 ed       	ldi	r30, 0xD3	; 211
    28b0:	f2 e0       	ldi	r31, 0x02	; 2
    28b2:	a9 e4       	ldi	r26, 0x49	; 73
    28b4:	b1 e0       	ldi	r27, 0x01	; 1
    28b6:	01 90       	ld	r0, Z+
    28b8:	0d 92       	st	X+, r0
    28ba:	8a 95       	dec	r24
    28bc:	e1 f7       	brne	.-8      	; 0x28b6 <main+0xa8>
    strcpy((char*)display_profile, "Profile 1");
    28be:	8a e0       	ldi	r24, 0x0A	; 10
    28c0:	e1 ed       	ldi	r30, 0xD1	; 209
    28c2:	f3 e0       	ldi	r31, 0x03	; 3
    28c4:	a9 e2       	ldi	r26, 0x29	; 41
    28c6:	b1 e0       	ldi	r27, 0x01	; 1
    28c8:	01 90       	ld	r0, Z+
    28ca:	0d 92       	st	X+, r0
    28cc:	8a 95       	dec	r24
    28ce:	e1 f7       	brne	.-8      	; 0x28c8 <main+0xba>
    // Par défaut, l'ESP32 utilise le HID BLE (pas USB), donc on affiche BLUETOOTH
    strcpy((char*)display_output_mode, "bluetooth");
    28d0:	8a e0       	ldi	r24, 0x0A	; 10
    28d2:	e8 eb       	ldi	r30, 0xB8	; 184
    28d4:	f1 e0       	ldi	r31, 0x01	; 1
    28d6:	a9 e1       	ldi	r26, 0x19	; 25
    28d8:	b1 e0       	ldi	r27, 0x01	; 1
    28da:	01 90       	ld	r0, Z+
    28dc:	0d 92       	st	X+, r0
    28de:	8a 95       	dec	r24
    28e0:	e1 f7       	brne	.-8      	; 0x28da <main+0xcc>
    display_keys_count = 0;
    28e2:	10 92 3e 05 	sts	0x053E, r1	; 0x80053e <display_keys_count>
    display_backlight_enabled = 1;
    28e6:	81 e0       	ldi	r24, 0x01	; 1
    28e8:	80 93 3d 05 	sts	0x053D, r24	; 0x80053d <display_backlight_enabled>
    display_backlight_brightness = 255;
    28ec:	8f ef       	ldi	r24, 0xFF	; 255
    28ee:	80 93 0c 05 	sts	0x050C, r24	; 0x80050c <display_backlight_brightness>
    display_brightness = 128;
    28f2:	80 e8       	ldi	r24, 0x80	; 128
    28f4:	80 93 18 01 	sts	0x0118, r24	; 0x800118 <display_brightness>
    
    // Ne pas appeler st7789_update_display() ici - l'affichage Welcome est déjà fait dans st7789_init()
    // On attendra qu'une commande UART demande explicitement une mise à jour
    
    debug_print("UART initialized\r\n");
    28f8:	8b ed       	ldi	r24, 0xDB	; 219
    28fa:	93 e0       	ldi	r25, 0x03	; 3
    28fc:	0e 94 4c 0c 	call	0x1898	; 0x1898 <_Z11debug_printPKc>
    
    // Activer interruptions globales
    sei();
    2900:	78 94       	sei
    debug_print("Interrupts enabled\r\n");
    2902:	8e ee       	ldi	r24, 0xEE	; 238
    2904:	93 e0       	ldi	r25, 0x03	; 3
    2906:	0e 94 4c 0c 	call	0x1898	; 0x1898 <_Z11debug_printPKc>
    debug_print("Ready!\r\n");
    290a:	83 e0       	ldi	r24, 0x03	; 3
    290c:	94 e0       	ldi	r25, 0x04	; 4
    290e:	0e 94 4c 0c 	call	0x1898	; 0x1898 <_Z11debug_printPKc>
    // Boucle principale - optimisée pour la réactivité
    while (1) {
        // Traiter toutes les lignes UART mises en file par l'ISR (évite perte entre paquets image)
        for (;;) {
            uint8_t cnt;
            cli();
    2912:	f8 94       	cli
            cnt = uart_line_q_count;
    2914:	80 91 d0 05 	lds	r24, 0x05D0	; 0x8005d0 <uart_line_q_count>
            sei();
    2918:	78 94       	sei
            if (cnt == 0) {
    291a:	88 23       	and	r24, r24
    291c:	41 f1       	breq	.+80     	; 0x296e <main+0x160>
                break;
            }
            cli();
    291e:	f8 94       	cli
            uint8_t out = uart_line_q_out;
    2920:	60 91 d1 05 	lds	r22, 0x05D1	; 0x8005d1 <uart_line_q_out>
            uint8_t len = uart_line_len[out];
    2924:	70 e0       	ldi	r23, 0x00	; 0
    2926:	fb 01       	movw	r30, r22
    2928:	ed 52       	subi	r30, 0x2D	; 45
    292a:	fa 4f       	sbci	r31, 0xFA	; 250
    292c:	c0 81       	ld	r28, Z
            uart_line_q_out = (uint8_t)((uart_line_q_out + 1u) % UART_LINE_QUEUE_DEPTH);
    292e:	80 91 d1 05 	lds	r24, 0x05D1	; 0x8005d1 <uart_line_q_out>
    2932:	8f 5f       	subi	r24, 0xFF	; 255
    2934:	81 70       	andi	r24, 0x01	; 1
    2936:	80 93 d1 05 	sts	0x05D1, r24	; 0x8005d1 <uart_line_q_out>
            uart_line_q_count--;
    293a:	80 91 d0 05 	lds	r24, 0x05D0	; 0x8005d0 <uart_line_q_count>
    293e:	81 50       	subi	r24, 0x01	; 1
    2940:	80 93 d0 05 	sts	0x05D0, r24	; 0x8005d0 <uart_line_q_count>
            sei();
    2944:	78 94       	sei
            if (len == 0 || len >= UART_BUFFER_SIZE) {
    2946:	1c 16       	cp	r1, r28
    2948:	24 f7       	brge	.-56     	; 0x2912 <main+0x104>
                continue;
            }
            memcpy((void*)uart_buffer, (const void*)uart_line_queue[out], len);
    294a:	4c 2f       	mov	r20, r28
    294c:	50 e0       	ldi	r21, 0x00	; 0
    294e:	76 95       	lsr	r23
    2950:	76 2f       	mov	r23, r22
    2952:	66 27       	eor	r22, r22
    2954:	77 95       	ror	r23
    2956:	67 95       	ror	r22
    2958:	6b 52       	subi	r22, 0x2B	; 43
    295a:	7a 4f       	sbci	r23, 0xFA	; 250
    295c:	86 ed       	ldi	r24, 0xD6	; 214
    295e:	96 e0       	ldi	r25, 0x06	; 6
    2960:	0e 94 08 16 	call	0x2c10	; 0x2c10 <memcpy>
            uart_buffer_index = len;
    2964:	c0 93 d5 06 	sts	0x06D5, r28	; 0x8006d5 <uart_buffer_index>
            processUartCommand();
    2968:	0e 94 63 0e 	call	0x1cc6	; 0x1cc6 <_Z18processUartCommandv>
    296c:	d2 cf       	rjmp	.-92     	; 0x2912 <main+0x104>
        }
        
        // Économie : dalle en SLPIN → pas d’ADC/UI périodiques, MCU en veille IDLE (UART RX réveille).
        if (!tft_panel_asleep) {
    296e:	80 91 ca 04 	lds	r24, 0x04CA	; 0x8004ca <_ZL16tft_panel_asleep>
    2972:	81 11       	cpse	r24, r1
    2974:	8d c0       	rjmp	.+282    	; 0x2a90 <main+0x282>
            // Lire la luminosité toutes les ~20ms (au lieu de 100ms)
            static uint8_t adc_counter = 0;
            adc_counter++;
    2976:	80 91 c7 04 	lds	r24, 0x04C7	; 0x8004c7 <_ZZ4mainE11adc_counter>
    297a:	8f 5f       	subi	r24, 0xFF	; 255
    297c:	80 93 c7 04 	sts	0x04C7, r24	; 0x8004c7 <_ZZ4mainE11adc_counter>
            if (adc_counter >= 5) {  // ~100ms (5 * 20ms) pour l'ADC
    2980:	85 30       	cpi	r24, 0x05	; 5
    2982:	c0 f0       	brcs	.+48     	; 0x29b4 <main+0x1a6>
                adc_counter = 0;
    2984:	10 92 c7 04 	sts	0x04C7, r1	; 0x8004c7 <_ZZ4mainE11adc_counter>
                light_level = adc_read();
    2988:	0e 94 2d 02 	call	0x45a	; 0x45a <_Z8adc_readv>
    298c:	90 93 4c 05 	sts	0x054C, r25	; 0x80054c <light_level+0x1>
    2990:	80 93 4b 05 	sts	0x054B, r24	; 0x80054b <light_level>
                if (esp32_backlight_ticks > 0) {
    2994:	80 91 4a 05 	lds	r24, 0x054A	; 0x80054a <esp32_backlight_ticks>
    2998:	88 23       	and	r24, r24
    299a:	29 f0       	breq	.+10     	; 0x29a6 <main+0x198>
                    esp32_backlight_ticks--;
    299c:	80 91 4a 05 	lds	r24, 0x054A	; 0x80054a <esp32_backlight_ticks>
    29a0:	81 50       	subi	r24, 0x01	; 1
    29a2:	80 93 4a 05 	sts	0x054A, r24	; 0x80054a <esp32_backlight_ticks>
                }
                set_led_brightness(display_backlight_enabled ? display_backlight_brightness : 0);
    29a6:	80 91 3d 05 	lds	r24, 0x053D	; 0x80053d <display_backlight_enabled>
    29aa:	81 11       	cpse	r24, r1
    29ac:	80 91 0c 05 	lds	r24, 0x050C	; 0x80050c <display_backlight_brightness>
    29b0:	0e 94 44 02 	call	0x488	; 0x488 <_Z18set_led_brightnessh>
            }

            static uint16_t ui_counter = 0;
            static uint16_t last_shown_light_ui = 0xFFFF;
            ui_counter++;
    29b4:	80 91 c5 04 	lds	r24, 0x04C5	; 0x8004c5 <_ZZ4mainE10ui_counter>
    29b8:	90 91 c6 04 	lds	r25, 0x04C6	; 0x8004c6 <_ZZ4mainE10ui_counter+0x1>
    29bc:	01 96       	adiw	r24, 0x01	; 1
    29be:	90 93 c6 04 	sts	0x04C6, r25	; 0x8004c6 <_ZZ4mainE10ui_counter+0x1>
    29c2:	80 93 c5 04 	sts	0x04C5, r24	; 0x8004c5 <_ZZ4mainE10ui_counter>
            if (ui_counter >= 10) {
    29c6:	0a 97       	sbiw	r24, 0x0a	; 10
    29c8:	68 f1       	brcs	.+90     	; 0x2a24 <main+0x216>
                ui_counter = 0;
    29ca:	10 92 c6 04 	sts	0x04C6, r1	; 0x8004c6 <_ZZ4mainE10ui_counter+0x1>
    29ce:	10 92 c5 04 	sts	0x04C5, r1	; 0x8004c5 <_ZZ4mainE10ui_counter>
                uint16_t diff;
                if (light_level > last_shown_light_ui) {
    29d2:	20 91 4b 05 	lds	r18, 0x054B	; 0x80054b <light_level>
    29d6:	30 91 4c 05 	lds	r19, 0x054C	; 0x80054c <light_level+0x1>
    29da:	80 91 15 01 	lds	r24, 0x0115	; 0x800115 <_ZZ4mainE19last_shown_light_ui>
    29de:	90 91 16 01 	lds	r25, 0x0116	; 0x800116 <_ZZ4mainE19last_shown_light_ui+0x1>
    29e2:	82 17       	cp	r24, r18
    29e4:	93 07       	cpc	r25, r19
    29e6:	38 f4       	brcc	.+14     	; 0x29f6 <main+0x1e8>
                    diff = light_level - last_shown_light_ui;
    29e8:	20 91 4b 05 	lds	r18, 0x054B	; 0x80054b <light_level>
    29ec:	30 91 4c 05 	lds	r19, 0x054C	; 0x80054c <light_level+0x1>
    29f0:	28 1b       	sub	r18, r24
    29f2:	39 0b       	sbc	r19, r25
    29f4:	08 c0       	rjmp	.+16     	; 0x2a06 <main+0x1f8>
                } else {
                    diff = last_shown_light_ui - light_level;
    29f6:	20 91 4b 05 	lds	r18, 0x054B	; 0x80054b <light_level>
    29fa:	30 91 4c 05 	lds	r19, 0x054C	; 0x80054c <light_level+0x1>
    29fe:	ac 01       	movw	r20, r24
    2a00:	42 1b       	sub	r20, r18
    2a02:	53 0b       	sbc	r21, r19
    2a04:	9a 01       	movw	r18, r20
                }
                if (diff >= 5 || last_shown_light_ui == 0xFFFF) {
    2a06:	25 30       	cpi	r18, 0x05	; 5
    2a08:	31 05       	cpc	r19, r1
    2a0a:	10 f4       	brcc	.+4      	; 0x2a10 <main+0x202>
    2a0c:	01 96       	adiw	r24, 0x01	; 1
    2a0e:	51 f4       	brne	.+20     	; 0x2a24 <main+0x216>
                    display_simple_info();
    2a10:	0e 94 2a 0c 	call	0x1854	; 0x1854 <_Z19display_simple_infov>
                    last_shown_light_ui = light_level;
    2a14:	80 91 4b 05 	lds	r24, 0x054B	; 0x80054b <light_level>
    2a18:	90 91 4c 05 	lds	r25, 0x054C	; 0x80054c <light_level+0x1>
    2a1c:	90 93 16 01 	sts	0x0116, r25	; 0x800116 <_ZZ4mainE19last_shown_light_ui+0x1>
    2a20:	80 93 15 01 	sts	0x0115, r24	; 0x800115 <_ZZ4mainE19last_shown_light_ui>
                }
            }

            static uint16_t debug_counter = 0;
            debug_counter++;
    2a24:	80 91 c3 04 	lds	r24, 0x04C3	; 0x8004c3 <_ZZ4mainE13debug_counter>
    2a28:	90 91 c4 04 	lds	r25, 0x04C4	; 0x8004c4 <_ZZ4mainE13debug_counter+0x1>
    2a2c:	01 96       	adiw	r24, 0x01	; 1
    2a2e:	90 93 c4 04 	sts	0x04C4, r25	; 0x8004c4 <_ZZ4mainE13debug_counter+0x1>
    2a32:	80 93 c3 04 	sts	0x04C3, r24	; 0x8004c3 <_ZZ4mainE13debug_counter>
            if (debug_counter >= 250) {
    2a36:	8a 3f       	cpi	r24, 0xFA	; 250
    2a38:	91 05       	cpc	r25, r1
    2a3a:	18 f1       	brcs	.+70     	; 0x2a82 <main+0x274>
                debug_counter = 0;
    2a3c:	10 92 c4 04 	sts	0x04C4, r1	; 0x8004c4 <_ZZ4mainE13debug_counter+0x1>
    2a40:	10 92 c3 04 	sts	0x04C3, r1	; 0x8004c3 <_ZZ4mainE13debug_counter>
                debug_print("[LIGHT] Level: ");
    2a44:	8c e0       	ldi	r24, 0x0C	; 12
    2a46:	94 e0       	ldi	r25, 0x04	; 4
    2a48:	0e 94 4c 0c 	call	0x1898	; 0x1898 <_Z11debug_printPKc>
                debug_print_dec(light_level);
    2a4c:	80 91 4b 05 	lds	r24, 0x054B	; 0x80054b <light_level>
    2a50:	90 91 4c 05 	lds	r25, 0x054C	; 0x80054c <light_level+0x1>
    2a54:	0e 94 a7 0d 	call	0x1b4e	; 0x1b4e <_Z15debug_print_decj>
                debug_print(" (0x");
    2a58:	8c e1       	ldi	r24, 0x1C	; 28
    2a5a:	94 e0       	ldi	r25, 0x04	; 4
    2a5c:	0e 94 4c 0c 	call	0x1898	; 0x1898 <_Z11debug_printPKc>
                debug_print_hex((uint8_t)(light_level >> 8));
    2a60:	80 91 4b 05 	lds	r24, 0x054B	; 0x80054b <light_level>
    2a64:	90 91 4c 05 	lds	r25, 0x054C	; 0x80054c <light_level+0x1>
    2a68:	89 2f       	mov	r24, r25
    2a6a:	0e 94 72 0d 	call	0x1ae4	; 0x1ae4 <_Z15debug_print_hexh>
                debug_print_hex((uint8_t)(light_level & 0xFF));
    2a6e:	80 91 4b 05 	lds	r24, 0x054B	; 0x80054b <light_level>
    2a72:	90 91 4c 05 	lds	r25, 0x054C	; 0x80054c <light_level+0x1>
    2a76:	0e 94 72 0d 	call	0x1ae4	; 0x1ae4 <_Z15debug_print_hexh>
                debug_print(")\r\n");
    2a7a:	8c e7       	ldi	r24, 0x7C	; 124
    2a7c:	93 e0       	ldi	r25, 0x03	; 3
    2a7e:	0e 94 4c 0c 	call	0x1898	; 0x1898 <_Z11debug_printPKc>
    2a82:	8f e3       	ldi	r24, 0x3F	; 63
    2a84:	9c e9       	ldi	r25, 0x9C	; 156
    2a86:	01 97       	sbiw	r24, 0x01	; 1
    2a88:	f1 f7       	brne	.-4      	; 0x2a86 <main+0x278>
    2a8a:	00 c0       	rjmp	.+0      	; 0x2a8c <main+0x27e>
    2a8c:	00 00       	nop
    2a8e:	41 cf       	rjmp	.-382    	; 0x2912 <main+0x104>
            }

            _delay_ms(20);
        } else {
            uint8_t qcnt;
            cli();
    2a90:	f8 94       	cli
            qcnt = uart_line_q_count;
    2a92:	80 91 d0 05 	lds	r24, 0x05D0	; 0x8005d0 <uart_line_q_count>
            sei();
    2a96:	78 94       	sei
            if (qcnt == 0) {
    2a98:	81 11       	cpse	r24, r1
    2a9a:	0e c0       	rjmp	.+28     	; 0x2ab8 <main+0x2aa>
                /* Dalle en veille : garantir PWM backlight à 0 (boucle IDLE sans passage ADC). */
                set_led_brightness(0);
    2a9c:	0e 94 44 02 	call	0x488	; 0x488 <_Z18set_led_brightnessh>
                set_sleep_mode(SLEEP_MODE_IDLE);
    2aa0:	83 b7       	in	r24, 0x33	; 51
    2aa2:	81 7f       	andi	r24, 0xF1	; 241
    2aa4:	83 bf       	out	0x33, r24	; 51
                sleep_enable();
    2aa6:	83 b7       	in	r24, 0x33	; 51
    2aa8:	81 60       	ori	r24, 0x01	; 1
    2aaa:	83 bf       	out	0x33, r24	; 51
                sei();
    2aac:	78 94       	sei
                sleep_cpu();
    2aae:	88 95       	sleep
                sleep_disable();
    2ab0:	83 b7       	in	r24, 0x33	; 51
    2ab2:	8e 7f       	andi	r24, 0xFE	; 254
    2ab4:	83 bf       	out	0x33, r24	; 51
    2ab6:	2d cf       	rjmp	.-422    	; 0x2912 <main+0x104>
    2ab8:	8f ec       	ldi	r24, 0xCF	; 207
    2aba:	97 e0       	ldi	r25, 0x07	; 7
    2abc:	01 97       	sbiw	r24, 0x01	; 1
    2abe:	f1 f7       	brne	.-4      	; 0x2abc <main+0x2ae>
    2ac0:	00 c0       	rjmp	.+0      	; 0x2ac2 <main+0x2b4>
    2ac2:	00 00       	nop
    2ac4:	26 cf       	rjmp	.-436    	; 0x2912 <main+0x104>

00002ac6 <__vector_18>:
    uart_buffer_index = 0;
    uart_command = 0;
}

// Interruption UART (réception) — une ligne complète → file pour processUartCommand
ISR(USART_RX_vect) {
    2ac6:	1f 92       	push	r1
    2ac8:	0f 92       	push	r0
    2aca:	0f b6       	in	r0, 0x3f	; 63
    2acc:	0f 92       	push	r0
    2ace:	11 24       	eor	r1, r1
    2ad0:	1f 93       	push	r17
    2ad2:	2f 93       	push	r18
    2ad4:	3f 93       	push	r19
    2ad6:	4f 93       	push	r20
    2ad8:	5f 93       	push	r21
    2ada:	6f 93       	push	r22
    2adc:	7f 93       	push	r23
    2ade:	8f 93       	push	r24
    2ae0:	9f 93       	push	r25
    2ae2:	af 93       	push	r26
    2ae4:	bf 93       	push	r27
    2ae6:	cf 93       	push	r28
    2ae8:	df 93       	push	r29
    2aea:	ef 93       	push	r30
    2aec:	ff 93       	push	r31
    uint8_t received = UDR0;
    2aee:	80 91 c6 00 	lds	r24, 0x00C6	; 0x8000c6 <__TEXT_REGION_LENGTH__+0x7f80c6>

    if (received == '\n' || received == '\r') {
    2af2:	8a 30       	cpi	r24, 0x0A	; 10
    2af4:	11 f0       	breq	.+4      	; 0x2afa <__vector_18+0x34>
    2af6:	8d 30       	cpi	r24, 0x0D	; 13
    2af8:	79 f5       	brne	.+94     	; 0x2b58 <__vector_18+0x92>
        if (uart_rx_line_len > 0) {
    2afa:	80 91 4f 05 	lds	r24, 0x054F	; 0x80054f <_ZL16uart_rx_line_len>
    2afe:	88 23       	and	r24, r24
    2b00:	e1 f1       	breq	.+120    	; 0x2b7a <__vector_18+0xb4>
            if (uart_line_q_count < UART_LINE_QUEUE_DEPTH) {
    2b02:	80 91 d0 05 	lds	r24, 0x05D0	; 0x8005d0 <uart_line_q_count>
    2b06:	82 30       	cpi	r24, 0x02	; 2
    2b08:	20 f5       	brcc	.+72     	; 0x2b52 <__vector_18+0x8c>
                uint8_t i = uart_line_q_in;
    2b0a:	c0 91 d2 05 	lds	r28, 0x05D2	; 0x8005d2 <uart_line_q_in>
                uint8_t n = uart_rx_line_len;
    2b0e:	10 91 4f 05 	lds	r17, 0x054F	; 0x80054f <_ZL16uart_rx_line_len>
                if (n >= UART_BUFFER_SIZE) {
    2b12:	11 23       	and	r17, r17
    2b14:	0c f4       	brge	.+2      	; 0x2b18 <__vector_18+0x52>
                    n = (uint8_t)(UART_BUFFER_SIZE - 1);
    2b16:	1f e7       	ldi	r17, 0x7F	; 127
                }
                memcpy((void*)uart_line_queue[i], uart_rx_line, n);
    2b18:	41 2f       	mov	r20, r17
    2b1a:	50 e0       	ldi	r21, 0x00	; 0
    2b1c:	d0 e0       	ldi	r29, 0x00	; 0
    2b1e:	ce 01       	movw	r24, r28
    2b20:	96 95       	lsr	r25
    2b22:	98 2f       	mov	r25, r24
    2b24:	88 27       	eor	r24, r24
    2b26:	97 95       	ror	r25
    2b28:	87 95       	ror	r24
    2b2a:	60 e5       	ldi	r22, 0x50	; 80
    2b2c:	75 e0       	ldi	r23, 0x05	; 5
    2b2e:	8b 52       	subi	r24, 0x2B	; 43
    2b30:	9a 4f       	sbci	r25, 0xFA	; 250
    2b32:	0e 94 08 16 	call	0x2c10	; 0x2c10 <memcpy>
                uart_line_len[i] = n;
    2b36:	cd 52       	subi	r28, 0x2D	; 45
    2b38:	da 4f       	sbci	r29, 0xFA	; 250
    2b3a:	18 83       	st	Y, r17
                uart_line_q_in = (uint8_t)((uart_line_q_in + 1u) % UART_LINE_QUEUE_DEPTH);
    2b3c:	80 91 d2 05 	lds	r24, 0x05D2	; 0x8005d2 <uart_line_q_in>
    2b40:	8f 5f       	subi	r24, 0xFF	; 255
    2b42:	81 70       	andi	r24, 0x01	; 1
    2b44:	80 93 d2 05 	sts	0x05D2, r24	; 0x8005d2 <uart_line_q_in>
                uart_line_q_count++;
    2b48:	80 91 d0 05 	lds	r24, 0x05D0	; 0x8005d0 <uart_line_q_count>
    2b4c:	8f 5f       	subi	r24, 0xFF	; 255
    2b4e:	80 93 d0 05 	sts	0x05D0, r24	; 0x8005d0 <uart_line_q_count>
            }
            uart_rx_line_len = 0;
    2b52:	10 92 4f 05 	sts	0x054F, r1	; 0x80054f <_ZL16uart_rx_line_len>
    2b56:	11 c0       	rjmp	.+34     	; 0x2b7a <__vector_18+0xb4>
        }
    } else {
        if (uart_rx_line_len < UART_BUFFER_SIZE - 1) {
    2b58:	90 91 4f 05 	lds	r25, 0x054F	; 0x80054f <_ZL16uart_rx_line_len>
    2b5c:	9f 37       	cpi	r25, 0x7F	; 127
    2b5e:	58 f4       	brcc	.+22     	; 0x2b76 <__vector_18+0xb0>
            uart_rx_line[uart_rx_line_len++] = received;
    2b60:	e0 91 4f 05 	lds	r30, 0x054F	; 0x80054f <_ZL16uart_rx_line_len>
    2b64:	91 e0       	ldi	r25, 0x01	; 1
    2b66:	9e 0f       	add	r25, r30
    2b68:	90 93 4f 05 	sts	0x054F, r25	; 0x80054f <_ZL16uart_rx_line_len>
    2b6c:	f0 e0       	ldi	r31, 0x00	; 0
    2b6e:	e0 5b       	subi	r30, 0xB0	; 176
    2b70:	fa 4f       	sbci	r31, 0xFA	; 250
    2b72:	80 83       	st	Z, r24
    2b74:	02 c0       	rjmp	.+4      	; 0x2b7a <__vector_18+0xb4>
        } else {
            uart_rx_line_len = 0;
    2b76:	10 92 4f 05 	sts	0x054F, r1	; 0x80054f <_ZL16uart_rx_line_len>
        }
    }
    2b7a:	ff 91       	pop	r31
    2b7c:	ef 91       	pop	r30
    2b7e:	df 91       	pop	r29
    2b80:	cf 91       	pop	r28
    2b82:	bf 91       	pop	r27
    2b84:	af 91       	pop	r26
    2b86:	9f 91       	pop	r25
    2b88:	8f 91       	pop	r24
    2b8a:	7f 91       	pop	r23
    2b8c:	6f 91       	pop	r22
    2b8e:	5f 91       	pop	r21
    2b90:	4f 91       	pop	r20
    2b92:	3f 91       	pop	r19
    2b94:	2f 91       	pop	r18
    2b96:	1f 91       	pop	r17
    2b98:	0f 90       	pop	r0
    2b9a:	0f be       	out	0x3f, r0	; 63
    2b9c:	0f 90       	pop	r0
    2b9e:	1f 90       	pop	r1
    2ba0:	18 95       	reti

00002ba2 <__udivmodsi4>:
    2ba2:	a1 e2       	ldi	r26, 0x21	; 33
    2ba4:	1a 2e       	mov	r1, r26
    2ba6:	aa 1b       	sub	r26, r26
    2ba8:	bb 1b       	sub	r27, r27
    2baa:	fd 01       	movw	r30, r26
    2bac:	0d c0       	rjmp	.+26     	; 0x2bc8 <__udivmodsi4_ep>

00002bae <__udivmodsi4_loop>:
    2bae:	aa 1f       	adc	r26, r26
    2bb0:	bb 1f       	adc	r27, r27
    2bb2:	ee 1f       	adc	r30, r30
    2bb4:	ff 1f       	adc	r31, r31
    2bb6:	a2 17       	cp	r26, r18
    2bb8:	b3 07       	cpc	r27, r19
    2bba:	e4 07       	cpc	r30, r20
    2bbc:	f5 07       	cpc	r31, r21
    2bbe:	20 f0       	brcs	.+8      	; 0x2bc8 <__udivmodsi4_ep>
    2bc0:	a2 1b       	sub	r26, r18
    2bc2:	b3 0b       	sbc	r27, r19
    2bc4:	e4 0b       	sbc	r30, r20
    2bc6:	f5 0b       	sbc	r31, r21

00002bc8 <__udivmodsi4_ep>:
    2bc8:	66 1f       	adc	r22, r22
    2bca:	77 1f       	adc	r23, r23
    2bcc:	88 1f       	adc	r24, r24
    2bce:	99 1f       	adc	r25, r25
    2bd0:	1a 94       	dec	r1
    2bd2:	69 f7       	brne	.-38     	; 0x2bae <__udivmodsi4_loop>
    2bd4:	60 95       	com	r22
    2bd6:	70 95       	com	r23
    2bd8:	80 95       	com	r24
    2bda:	90 95       	com	r25
    2bdc:	9b 01       	movw	r18, r22
    2bde:	ac 01       	movw	r20, r24
    2be0:	bd 01       	movw	r22, r26
    2be2:	cf 01       	movw	r24, r30
    2be4:	08 95       	ret

00002be6 <__tablejump2__>:
    2be6:	ee 0f       	add	r30, r30
    2be8:	ff 1f       	adc	r31, r31
    2bea:	05 90       	lpm	r0, Z+
    2bec:	f4 91       	lpm	r31, Z
    2bee:	e0 2d       	mov	r30, r0
    2bf0:	09 94       	ijmp

00002bf2 <__umulhisi3>:
    2bf2:	a2 9f       	mul	r26, r18
    2bf4:	b0 01       	movw	r22, r0
    2bf6:	b3 9f       	mul	r27, r19
    2bf8:	c0 01       	movw	r24, r0
    2bfa:	a3 9f       	mul	r26, r19
    2bfc:	70 0d       	add	r23, r0
    2bfe:	81 1d       	adc	r24, r1
    2c00:	11 24       	eor	r1, r1
    2c02:	91 1d       	adc	r25, r1
    2c04:	b2 9f       	mul	r27, r18
    2c06:	70 0d       	add	r23, r0
    2c08:	81 1d       	adc	r24, r1
    2c0a:	11 24       	eor	r1, r1
    2c0c:	91 1d       	adc	r25, r1
    2c0e:	08 95       	ret

00002c10 <memcpy>:
    2c10:	fb 01       	movw	r30, r22
    2c12:	dc 01       	movw	r26, r24
    2c14:	02 c0       	rjmp	.+4      	; 0x2c1a <memcpy+0xa>
    2c16:	01 90       	ld	r0, Z+
    2c18:	0d 92       	st	X+, r0
    2c1a:	41 50       	subi	r20, 0x01	; 1
    2c1c:	50 40       	sbci	r21, 0x00	; 0
    2c1e:	d8 f7       	brcc	.-10     	; 0x2c16 <memcpy+0x6>
    2c20:	08 95       	ret

00002c22 <strcmp>:
    2c22:	fb 01       	movw	r30, r22
    2c24:	dc 01       	movw	r26, r24
    2c26:	8d 91       	ld	r24, X+
    2c28:	01 90       	ld	r0, Z+
    2c2a:	80 19       	sub	r24, r0
    2c2c:	01 10       	cpse	r0, r1
    2c2e:	d9 f3       	breq	.-10     	; 0x2c26 <strcmp+0x4>
    2c30:	99 0b       	sbc	r25, r25
    2c32:	08 95       	ret

00002c34 <strncpy>:
    2c34:	fb 01       	movw	r30, r22
    2c36:	dc 01       	movw	r26, r24
    2c38:	41 50       	subi	r20, 0x01	; 1
    2c3a:	50 40       	sbci	r21, 0x00	; 0
    2c3c:	48 f0       	brcs	.+18     	; 0x2c50 <strncpy+0x1c>
    2c3e:	01 90       	ld	r0, Z+
    2c40:	0d 92       	st	X+, r0
    2c42:	00 20       	and	r0, r0
    2c44:	c9 f7       	brne	.-14     	; 0x2c38 <strncpy+0x4>
    2c46:	01 c0       	rjmp	.+2      	; 0x2c4a <strncpy+0x16>
    2c48:	1d 92       	st	X+, r1
    2c4a:	41 50       	subi	r20, 0x01	; 1
    2c4c:	50 40       	sbci	r21, 0x00	; 0
    2c4e:	e0 f7       	brcc	.-8      	; 0x2c48 <strncpy+0x14>
    2c50:	08 95       	ret

00002c52 <_exit>:
    2c52:	f8 94       	cli

00002c54 <__stop_program>:
    2c54:	ff cf       	rjmp	.-2      	; 0x2c54 <__stop_program>
